burst_id,started_utc,mode,n_frames,skew_median_us,skew_mad_sigma_us,skew_p05_us,skew_p95_us,cadence_sd_ms,soc_note,completed,frames_written,losses,mean_write_MBps
2026-09-11T23-54-59Z,2026-09-11T23:54:59Z,line2,240,7398.47,17.939,7372.26,7423.0,0.044311,,True,240,0,63.7528
2026-09-12T00-10-06Z,2026-09-12T00:10:06Z,line2,240,7801.655,21.646,7774.49,7828.91,0.0458132,,True,240,0,63.8072
2026-09-12T00-20-06Z,2026-09-12T00:20:06Z,software,240,7815.685,43.285,7756.0,7879.02,0.189434,,True,240,0,63.7573
2026-09-12T00-30-06Z,2026-09-12T00:30:06Z,line2,240,8462.2,24.923,8428.38,8495.89,0.193595,,True,240,0,63.7272
2026-09-12T00-40-06Z,2026-09-12T00:40:06Z,software,240,8523.285,40.327,8461.94,8586.0,0.0472742,,True,240,0,63.7125
2026-09-12T00-50-06Z,2026-09-12T00:50:06Z,line2,240,9185.77,27.146,9151.3,9219.51,0.0461885,,True,240,0,63.7182
2026-09-12T01-00-06Z,2026-09-12T01:00:06Z,software,240,9254.89,38.622,9193.43,9319.08,0.124255,,True,240,0,63.7042
2026-09-12T01-10-06Z,2026-09-12T01:10:06Z,line2,240,9935.93,28.192,9900.98,9973.08,0.0459133,,True,240,0,63.6913
2026-09-12T01-20-06Z,2026-09-12T01:20:06Z,software,240,10034.2,40.846,9976.0,10093.0,0.0456089,,True,240,0,63.6861
2026-09-12T01-30-06Z,2026-09-12T01:30:06Z,line2,240,10721.65,28.021,10685.5,10758.9,0.0588872,,True,240,0,63.6855
2026-09-12T01-40-06Z,2026-09-12T01:40:06Z,software,240,10817.45,36.546,10750.0,10874.9,0.0929255,,True,240,0,63.6869
2026-09-12T01-50-06Z,2026-09-12T01:50:06Z,line2,240,11514.95,29.43,11478.6,11551.5,0.0984982,,True,240,0,63.6872
2026-09-12T02-00-06Z,2026-09-12T02:00:06Z,software,240,11617.05,38.77,11557.2,11679.7,0.0457202,,True,240,0,63.6776
2026-09-12T02-10-06Z,2026-09-12T02:10:06Z,line2,240,12315.6,31.654,12276.8,12353.8,0.0450382,,True,240,0,63.6831
2026-09-12T02-20-06Z,2026-09-12T02:20:06Z,software,240,12417.0,42.773,12356.1,12478.0,0.0891846,,True,240,0,64.2019
2026-09-12T02-30-06Z,2026-09-12T02:30:06Z,line2,240,13122.8,28.985,13085.9,13159.4,0.0460095,,True,240,0,63.682
2026-09-12T02-40-06Z,2026-09-12T02:40:06Z,software,240,13210.7,40.475,13146.0,13271.1,0.0452565,,True,240,0,64.1973
2026-09-12T02-50-06Z,2026-09-12T02:50:06Z,line2,240,13920.15,29.949,13880.8,13959.0,0.0519378,,True,240,0,64.2031
2026-09-12T03-00-06Z,2026-09-12T03:00:06Z,software,240,14028.95,36.917,13958.2,14092.6,0.0441545,,True,240,0,64.1956
2026-09-12T03-10-06Z,2026-09-12T03:10:06Z,line2,240,14721.2,29.281,14685.9,14759.0,0.0449009,,True,240,0,63.6956
2026-09-12T03-20-06Z,2026-09-12T03:20:06Z,software,240,14819.4,42.625,14753.1,14882.8,0.238239,,True,240,0,64.1945
2026-09-12T03-30-06Z,2026-09-12T03:30:06Z,line2,240,15511.7,29.207,15471.9,15546.0,0.0505623,,True,240,0,64.2032
2026-09-12T03-40-06Z,2026-09-12T03:40:06Z,software,240,15598.55,39.511,15534.5,15660.0,0.0835452,,True,240,0,64.202
2026-09-12T03-50-06Z,2026-09-12T03:50:06Z,line2,240,16288.1,28.095,16253.1,16325.6,0.0707716,,True,240,0,64.1971
2026-09-12T04-00-06Z,2026-09-12T04:00:06Z,software,240,16378.4,39.437,16327.0,16445.5,0.0460351,,True,240,0,64.1903
2026-09-12T04-10-06Z,2026-09-12T04:10:06Z,line2,240,17080.4,30.171,17044.4,17117.0,0.20676,,True,240,0,64.1929
2026-09-12T04-20-06Z,2026-09-12T04:20:06Z,software,240,17179.9,44.997,17115.9,17245.9,0.0551423,,True,240,0,64.1901
2026-09-12T04-30-06Z,2026-09-12T04:30:06Z,line2,240,17868.6,28.837,17832.3,17905.2,0.107601,,True,240,0,64.1894
2026-09-12T04-40-06Z,2026-09-12T04:40:06Z,software,240,17960.15,41.216,17902.1,18022.2,0.227873,,True,240,0,63.6821
2026-09-12T04-50-06Z,2026-09-12T04:50:06Z,line2,240,18648.05,28.318,18612.3,18685.3,0.0460762,,True,240,0,64.1885
2026-09-12T05-00-06Z,2026-09-12T05:00:06Z,software,240,18734.7,42.106,18676.5,18799.5,0.0584672,,True,240,0,64.1893
2026-09-12T05-10-06Z,2026-09-12T05:10:06Z,line2,240,19417.6,28.54,19381.9,19453.3,0.0967871,,True,240,0,64.1974
2026-09-12T05-20-06Z,2026-09-12T05:20:06Z,software,240,19499.35,40.92,19437.2,19559.0,0.0458395,,True,240,0,63.6845
2026-09-12T05-30-06Z,2026-09-12T05:30:06Z,line2,240,20188.2,28.095,20151.0,20224.1,0.16221,,True,240,0,64.1965
2026-09-12T05-40-06Z,2026-09-12T05:40:06Z,software,240,20283.1,41.958,20216.7,20346.0,0.0824185,,True,240,0,64.189
2026-09-12T05-50-06Z,2026-09-12T05:50:06Z,line2,240,20964.7,29.281,20928.8,21000.4,0.0537532,,True,240,0,63.6766
2026-09-12T06-00-06Z,2026-09-12T06:00:06Z,software,240,21052.2,40.401,20995.8,21120.0,0.0457993,,True,240,0,64.1881
2026-09-12T06-10-06Z,2026-09-12T06:10:06Z,line2,240,21736.9,27.799,21702.5,21773.9,0.0457065,,True,240,0,64.1949
2026-09-12T06-20-06Z,2026-09-12T06:20:06Z,software,240,21836.0,39.808,21774.2,21892.0,0.046249,,True,240,0,64.1924
2026-09-12T06-30-06Z,2026-09-12T06:30:06Z,line2,240,22519.25,28.837,22482.1,22556.5,0.0465976,,True,240,0,64.1853
2026-09-12T06-40-06Z,2026-09-12T06:40:06Z,software,240,22607.9,36.62,22547.8,22666.9,0.0659233,,True,240,0,64.1934
2026-09-12T06-50-06Z,2026-09-12T06:50:06Z,line2,240,23294.45,29.8,23256.7,23330.3,0.0458925,,True,240,0,64.1878
2026-09-12T07-00-06Z,2026-09-12T07:00:06Z,software,240,23382.5,38.548,23321.9,23441.2,0.0450395,,True,240,0,64.1814
2026-09-12T07-10-06Z,2026-09-12T07:10:06Z,line2,240,24067.35,29.578,24031.1,24102.8,0.0453074,,True,240,0,64.19
2026-09-12T07-20-06Z,2026-09-12T07:20:06Z,software,240,24160.05,35.508,24101.2,24225.0,0.0455115,,True,240,0,64.1838
2026-09-12T07-30-06Z,2026-09-12T07:30:06Z,line2,240,24843.05,28.911,24806.4,24878.8,0.0470622,,True,240,0,64.188
2026-09-12T07-40-06Z,2026-09-12T07:40:06Z,software,240,24935.5,33.803,24864.6,24997.0,0.0462945,,True,240,0,64.1833
2026-09-12T07-50-06Z,2026-09-12T07:50:06Z,line2,240,25605.3,28.911,25569.5,25642.0,0.0460573,,True,240,0,64.1896
2026-09-12T08-00-06Z,2026-09-12T08:00:06Z,software,240,25681.25,42.699,25615.0,25757.2,0.046162,,True,240,0,64.1872
2026-09-12T08-10-06Z,2026-09-12T08:10:06Z,line2,240,26363.75,26.464,26329.3,26400.2,0.0456904,,True,240,0,64.1813
2026-09-12T08-20-06Z,2026-09-12T08:20:06Z,software,240,26442.1,37.955,26381.4,26504.0,0.19923,,True,240,0,64.1813
2026-09-12T08-30-06Z,2026-09-12T08:30:06Z,line2,240,27118.7,27.576,27082.6,27156.5,0.045772,,True,240,0,64.1896
2026-09-12T08-40-06Z,2026-09-12T08:40:06Z,software,240,27202.45,39.363,27140.0,27254.7,0.10498,,True,240,0,64.1825
2026-09-12T08-50-06Z,2026-09-12T08:50:06Z,line2,240,27872.95,27.502,27838.3,27908.6,0.0456948,,True,240,0,64.181
2026-09-12T09-00-06Z,2026-09-12T09:00:06Z,software,240,27958.45,45.293,27897.8,28016.9,0.0528578,,True,240,0,64.1818
2026-09-12T09-10-06Z,2026-09-12T09:10:06Z,line2,240,28627.95,28.318,28591.5,28664.0,0.0459649,,True,240,0,64.1839
2026-09-12T09-20-06Z,2026-09-12T09:20:06Z,software,240,28708.05,39.511,28642.0,28771.4,0.0455934,,True,240,0,64.1814
2026-09-12T09-30-06Z,2026-09-12T09:30:06Z,line2,240,29379.0,26.539,29343.1,29412.0,0.299131,,True,240,0,64.1866
2026-09-12T09-40-06Z,2026-09-12T09:40:06Z,software,240,29450.6,40.623,29389.9,29505.6,0.0459706,,True,240,0,64.1796
2026-09-12T09-50-06Z,2026-09-12T09:50:06Z,line2,240,30129.3,28.318,30093.7,30165.6,0.0458142,,True,240,0,64.1925
2026-09-12T10-00-06Z,2026-09-12T10:00:06Z,software,240,30210.5,38.325,30151.0,30278.0,0.0457361,,True,240,0,64.1734
2026-09-12T10-10-06Z,2026-09-12T10:10:06Z,line2,240,30894.75,28.095,30858.6,30928.1,0.0516951,,True,240,0,64.1787
2026-09-12T10-20-06Z,2026-09-12T10:20:06Z,software,240,30979.1,40.104,30917.0,31038.7,0.0458445,,True,240,0,63.6778
2026-09-12T10-30-06Z,2026-09-12T10:30:06Z,line2,240,31650.0,27.28,31614.9,31687.5,0.0454142,,True,240,0,63.6787
2026-09-12T10-40-06Z,2026-09-12T10:40:06Z,software,240,31722.55,39.141,31654.1,31776.0,0.0877736,,True,240,0,63.6773
2026-09-12T10-50-06Z,2026-09-12T10:50:06Z,line2,240,32410.4,26.909,32376.5,32446.5,0.0459422,,True,240,0,63.6831
2026-09-12T11-00-06Z,2026-09-12T11:00:06Z,software,240,32482.4,40.92,32416.4,32546.9,0.210999,,True,240,0,64.1989
2026-09-12T11-10-06Z,2026-09-12T11:10:06Z,line2,240,33164.55,28.021,33130.4,33200.5,0.0456704,,True,240,0,63.6828
2026-09-12T11-20-06Z,2026-09-12T11:20:06Z,software,240,33247.2,36.546,33183.9,33301.4,0.0456339,,True,240,0,64.1917
2026-09-12T11-30-06Z,2026-09-12T11:30:06Z,line2,240,33911.55,27.576,33877.9,33947.5,0.0778618,,True,240,0,64.1935
2026-09-12T11-40-06Z,2026-09-12T11:40:06Z,software,240,33996.45,40.994,33935.1,34069.0,0.0460488,,True,240,0,64.1929
2026-09-12T11-50-06Z,2026-09-12T11:50:06Z,line2,240,34680.95,28.169,34643.4,34715.1,0.0457742,,True,240,0,64.1916
2026-09-12T12-00-06Z,2026-09-12T12:00:06Z,software,240,34762.95,42.254,34701.5,34824.9,0.0459584,,True,240,0,64.1937
2026-09-12T12-10-06Z,2026-09-12T12:10:06Z,line2,240,35444.9,28.614,35409.1,35481.8,0.0459136,,True,240,0,64.1988
2026-09-12T12-20-06Z,2026-09-12T12:20:06Z,software,240,35530.3,41.809,35471.7,35592.9,0.0458375,,True,240,0,64.194
2026-09-12T12-30-06Z,2026-09-12T12:30:06Z,line2,240,36204.85,27.725,36171.0,36242.2,0.0459106,,True,240,0,63.6954
2026-09-12T12-40-06Z,2026-09-12T12:40:06Z,software,240,36293.95,43.144,36228.8,36351.3,0.0456118,,True,240,0,64.194
2026-09-12T12-50-06Z,2026-09-12T12:50:06Z,line2,240,36963.0,27.947,36928.7,36998.2,0.0455144,,True,240,0,64.1993
2026-09-12T13-00-06Z,2026-09-12T13:00:06Z,software,240,37034.9,42.254,36973.1,37091.7,0.0457981,,True,240,0,64.1923
2026-09-12T13-10-06Z,2026-09-12T13:10:06Z,line2,240,37718.25,27.65,37683.1,37752.0,0.0457377,,True,240,0,64.1912
2026-09-12T13-20-06Z,2026-09-12T13:20:06Z,software,240,37793.7,38.251,37724.4,37843.9,0.0458322,,True,240,0,64.1928
2026-09-12T13-30-06Z,2026-09-12T13:30:06Z,line2,240,38479.35,27.799,38442.8,38514.0,0.0458594,,True,240,0,64.197
2026-09-12T13-40-06Z,2026-09-12T13:40:06Z,software,240,38551.4,37.51,38486.4,38616.0,0.0459138,,True,240,0,64.1886
2026-09-12T13-50-06Z,2026-09-12T13:50:06Z,line2,240,39231.9,27.502,39195.5,39266.1,0.0457742,,True,240,0,64.1965
