chunk,bytes_written_cum,used_pct_after,elapsed_s,mbps,soc_temp_c,utc
1,34359738368,2,142.720,120.4,48.5,2026-09-11T00:47:48Z
2,51539607552,2,142.693,120.4,48.5,2026-09-11T00:50:11Z
3,68719476736,3,142.730,120.4,48.5,2026-09-11T00:52:34Z
4,85899345920,3,142.696,120.4,48.0,2026-09-11T00:54:56Z
5,103079215104,3,142.719,120.4,48.0,2026-09-11T00:59:25Z
6,120259084288,3,144.783,118.7,47.4,2026-09-11T01:01:50Z
7,137438953472,3,145.431,118.1,46.3,2026-09-11T01:04:15Z
8,154618822656,4,144.992,118.5,48.0,2026-09-11T01:06:40Z
9,171798691840,4,145.789,117.8,49.0,2026-09-11T01:09:06Z
10,188978561024,4,146.373,117.4,46.9,2026-09-11T01:11:32Z
11,206158430208,4,145.370,118.2,46.9,2026-09-11T01:13:58Z
12,223338299392,4,145.516,118.1,49.0,2026-09-11T01:16:23Z
13,240518168576,5,145.569,118.0,45.8,2026-09-11T01:18:49Z
14,257698037760,5,145.514,118.1,46.9,2026-09-11T01:21:14Z
15,274877906944,5,145.244,118.3,48.0,2026-09-11T01:23:40Z
16,292057776128,5,145.262,118.3,46.9,2026-09-11T01:26:05Z
17,309237645312,6,145.451,118.1,49.0,2026-09-11T01:28:30Z
18,326417514496,6,145.565,118.0,49.6,2026-09-11T01:30:56Z
19,343597383680,6,145.266,118.3,47.4,2026-09-11T01:33:21Z
20,360777252864,6,145.373,118.2,47.4,2026-09-11T01:35:47Z
21,377957122048,6,145.532,118.0,48.5,2026-09-11T01:38:12Z
22,395136991232,7,145.888,117.8,47.4,2026-09-11T01:40:38Z
23,412316860416,7,145.618,118.0,46.3,2026-09-11T01:43:04Z
24,429496729600,7,145.384,118.2,48.5,2026-09-11T01:45:29Z
25,446676598784,7,145.273,118.3,47.4,2026-09-11T01:47:54Z
26,463856467968,8,145.666,117.9,46.3,2026-09-11T01:50:20Z
27,481036337152,8,145.644,118.0,48.5,2026-09-11T01:52:46Z
28,498216206336,8,145.352,118.2,47.4,2026-09-11T01:55:11Z
29,515396075520,8,145.524,118.1,46.9,2026-09-11T01:57:37Z
30,532575944704,8,145.836,117.8,48.0,2026-09-11T02:00:03Z
31,549755813888,9,145.772,117.9,49.6,2026-09-11T02:02:28Z
32,566935683072,9,145.941,117.7,46.9,2026-09-11T02:04:54Z
33,584115552256,9,145.592,118.0,49.0,2026-09-11T02:07:20Z
34,601295421440,9,145.197,118.3,48.0,2026-09-11T02:09:45Z
35,618475290624,9,145.929,117.7,45.8,2026-09-11T02:12:11Z
36,635655159808,10,145.697,117.9,46.3,2026-09-11T02:14:37Z
37,652835028992,10,145.558,118.0,49.0,2026-09-11T02:17:02Z
38,670014898176,10,145.757,117.9,47.4,2026-09-11T02:19:28Z
39,687194767360,10,145.595,118.0,46.9,2026-09-11T02:21:54Z
40,704374636544,11,145.932,117.7,49.0,2026-09-11T02:24:20Z
41,721554505728,11,145.595,118.0,49.0,2026-09-11T02:26:45Z
42,738734374912,11,145.744,117.9,46.9,2026-09-11T02:29:11Z
43,755914244096,11,145.442,118.1,46.3,2026-09-11T02:31:37Z
44,773094113280,11,146.149,117.6,48.5,2026-09-11T02:34:03Z
45,790273982464,12,145.941,117.7,49.0,2026-09-11T02:36:29Z
46,807453851648,12,145.838,117.8,46.3,2026-09-11T02:38:55Z
47,824633720832,12,145.605,118.0,48.0,2026-09-11T02:41:20Z
48,841813590016,12,146.070,117.6,48.0,2026-09-11T02:43:46Z
49,858993459200,12,145.391,118.2,48.0,2026-09-11T02:46:12Z
50,876173328384,13,145.371,118.2,46.9,2026-09-11T02:48:37Z
51,893353197568,13,145.422,118.1,48.5,2026-09-11T02:51:03Z
52,910533066752,13,145.770,117.9,48.0,2026-09-11T02:53:28Z
53,927712935936,13,145.635,118.0,46.3,2026-09-11T02:55:54Z
54,944892805120,14,145.376,118.2,46.9,2026-09-11T02:58:19Z
55,962072674304,14,145.592,118.0,49.0,2026-09-11T03:00:45Z
56,979252543488,14,145.530,118.1,48.0,2026-09-11T03:03:11Z
57,996432412672,14,145.506,118.1,48.0,2026-09-11T03:05:36Z
58,1013612281856,14,145.375,118.2,47.4,2026-09-11T03:08:01Z
59,1030792151040,15,145.315,118.2,48.5,2026-09-11T03:10:27Z
60,1047972020224,15,145.217,118.3,47.4,2026-09-11T03:12:52Z
61,1065151889408,15,145.615,118.0,48.0,2026-09-11T03:15:18Z
62,1082331758592,15,145.084,118.4,46.9,2026-09-11T03:17:43Z
63,1099511627776,16,145.327,118.2,46.3,2026-09-11T03:20:08Z
64,1116691496960,16,145.638,118.0,46.9,2026-09-11T03:22:34Z
65,1133871366144,16,145.481,118.1,48.5,2026-09-11T03:24:59Z
66,1151051235328,16,145.582,118.0,48.0,2026-09-11T03:27:25Z
67,1168231104512,16,145.221,118.3,46.9,2026-09-11T03:29:50Z
68,1185410973696,17,145.389,118.2,47.4,2026-09-11T03:32:16Z
69,1202590842880,17,145.045,118.4,47.4,2026-09-11T03:34:41Z
70,1219770712064,17,145.781,117.8,48.0,2026-09-11T03:37:06Z
71,1236950581248,17,145.272,118.3,48.5,2026-09-11T03:39:32Z
72,1254130450432,17,145.306,118.2,45.8,2026-09-11T03:41:57Z
73,1271310319616,18,145.433,118.1,48.0,2026-09-11T03:44:23Z
74,1288490188800,18,145.741,117.9,47.4,2026-09-11T03:46:48Z
75,1305670057984,18,145.710,117.9,48.5,2026-09-11T03:49:14Z
76,1322849927168,18,145.204,118.3,48.0,2026-09-11T03:51:39Z
77,1340029796352,19,145.254,118.3,46.3,2026-09-11T03:54:04Z
78,1357209665536,19,145.477,118.1,47.4,2026-09-11T03:56:30Z
79,1374389534720,19,145.841,117.8,46.9,2026-09-11T03:58:56Z
80,1391569403904,19,145.221,118.3,48.0,2026-09-11T04:01:21Z
81,1408749273088,19,145.580,118.0,48.5,2026-09-11T04:03:47Z
82,1425929142272,20,145.562,118.0,46.9,2026-09-11T04:06:12Z
83,1443109011456,20,145.657,117.9,49.6,2026-09-11T04:08:38Z
84,1460288880640,20,145.436,118.1,46.9,2026-09-11T04:11:03Z
85,1477468749824,20,145.462,118.1,46.3,2026-09-11T04:13:29Z
86,1494648619008,20,145.071,118.4,46.9,2026-09-11T04:15:54Z
87,1511828488192,21,145.701,117.9,47.4,2026-09-11T04:18:20Z
88,1529008357376,21,145.363,118.2,49.0,2026-09-11T04:20:45Z
89,1546188226560,21,145.282,118.3,48.5,2026-09-11T04:23:10Z
90,1563368095744,21,145.389,118.2,47.4,2026-09-11T04:25:36Z
91,1580547964928,22,145.761,117.9,47.4,2026-09-11T04:28:02Z
92,1597727834112,22,145.670,117.9,46.3,2026-09-11T04:30:27Z
93,1614907703296,22,145.602,118.0,46.3,2026-09-11T04:32:53Z
94,1632087572480,22,145.578,118.0,46.9,2026-09-11T04:35:18Z
95,1649267441664,22,145.199,118.3,48.5,2026-09-11T04:37:44Z
96,1666447310848,23,145.703,117.9,46.9,2026-09-11T04:40:09Z
97,1683627180032,23,145.207,118.3,47.4,2026-09-11T04:42:35Z
98,1700807049216,23,145.032,118.5,48.0,2026-09-11T04:45:00Z
99,1717986918400,23,145.391,118.2,48.0,2026-09-11T04:47:25Z
100,1735166787584,24,145.778,117.8,49.0,2026-09-11T04:49:51Z
101,1752346656768,24,145.601,118.0,48.0,2026-09-11T04:52:17Z
102,1769526525952,24,145.217,118.3,48.0,2026-09-11T04:54:42Z
103,1786706395136,24,145.413,118.1,46.3,2026-09-11T04:57:07Z
104,1803886264320,24,145.340,118.2,48.5,2026-09-11T04:59:33Z
105,1821066133504,25,145.583,118.0,48.5,2026-09-11T05:01:58Z
106,1838246002688,25,145.160,118.4,48.0,2026-09-11T05:04:23Z
107,1855425871872,25,145.429,118.1,48.5,2026-09-11T05:06:49Z
108,1872605741056,25,145.598,118.0,48.0,2026-09-11T05:09:14Z
109,1889785610240,25,145.754,117.9,49.0,2026-09-11T05:11:40Z
110,1906965479424,26,145.463,118.1,47.4,2026-09-11T05:14:06Z
111,1924145348608,26,145.370,118.2,48.5,2026-09-11T05:16:31Z
112,1941325217792,26,145.033,118.5,46.3,2026-09-11T05:18:56Z
113,1958505086976,26,145.774,117.9,48.5,2026-09-11T05:21:22Z
114,1975684956160,27,145.507,118.1,47.4,2026-09-11T05:23:47Z
115,1992864825344,27,144.831,118.6,48.5,2026-09-11T05:26:12Z
116,2010044694528,27,145.204,118.3,48.0,2026-09-11T05:28:38Z
117,2027224563712,27,145.351,118.2,47.4,2026-09-11T05:31:03Z
118,2044404432896,27,145.226,118.3,47.4,2026-09-11T05:33:28Z
119,2061584302080,28,144.975,118.5,48.5,2026-09-11T05:35:53Z
120,2078764171264,28,145.198,118.3,47.4,2026-09-11T05:38:18Z
121,2095944040448,28,145.050,118.4,49.0,2026-09-11T05:40:43Z
122,2113123909632,28,145.156,118.4,48.0,2026-09-11T05:43:09Z
123,2130303778816,29,144.986,118.5,47.4,2026-09-11T05:45:34Z
124,2147483648000,29,144.969,118.5,48.5,2026-09-11T05:47:59Z
125,2164663517184,29,145.327,118.2,49.0,2026-09-11T05:50:24Z
126,2181843386368,29,145.313,118.2,48.0,2026-09-11T05:52:49Z
127,2199023255552,29,145.194,118.3,48.5,2026-09-11T05:55:15Z
128,2216203124736,30,144.909,118.6,48.0,2026-09-11T05:57:39Z
129,2233382993920,30,145.270,118.3,48.0,2026-09-11T06:00:05Z
130,2250562863104,30,145.116,118.4,49.0,2026-09-11T06:02:30Z
131,2267742732288,30,145.393,118.2,48.5,2026-09-11T06:04:55Z
132,2284922601472,30,144.988,118.5,49.0,2026-09-11T06:07:20Z
133,2302102470656,31,145.240,118.3,48.0,2026-09-11T06:09:46Z
134,2319282339840,31,145.194,118.3,46.9,2026-09-11T06:12:11Z
135,2336462209024,31,145.488,118.1,46.9,2026-09-11T06:14:36Z
136,2353642078208,31,144.996,118.5,48.5,2026-09-11T06:17:01Z
137,2370821947392,32,145.136,118.4,47.4,2026-09-11T06:19:26Z
138,2388001816576,32,144.924,118.5,47.4,2026-09-11T06:21:51Z
139,2405181685760,32,145.278,118.3,48.5,2026-09-11T06:24:17Z
140,2422361554944,32,145.208,118.3,46.9,2026-09-11T06:26:42Z
141,2439541424128,32,145.056,118.4,48.5,2026-09-11T06:29:07Z
142,2456721293312,33,145.240,118.3,48.0,2026-09-11T06:31:32Z
143,2473901162496,33,145.293,118.2,48.0,2026-09-11T06:33:58Z
144,2491081031680,33,145.427,118.1,47.4,2026-09-11T06:36:23Z
145,2508260900864,33,145.034,118.5,48.5,2026-09-11T06:38:48Z
146,2525440770048,33,145.088,118.4,48.5,2026-09-11T06:41:13Z
147,2542620639232,34,145.104,118.4,48.5,2026-09-11T06:43:38Z
148,2559800508416,34,145.513,118.1,48.0,2026-09-11T06:46:04Z
149,2576980377600,34,145.008,118.5,48.0,2026-09-11T06:48:29Z
150,2594160246784,34,144.928,118.5,48.5,2026-09-11T06:50:54Z
151,2611340115968,35,145.316,118.2,47.4,2026-09-11T06:53:19Z
152,2628519985152,35,145.288,118.2,47.4,2026-09-11T06:55:44Z
153,2645699854336,35,145.073,118.4,48.0,2026-09-11T06:58:10Z
154,2662879723520,35,144.869,118.6,47.4,2026-09-11T07:00:34Z
155,2680059592704,35,145.108,118.4,48.0,2026-09-11T07:03:00Z
156,2697239461888,36,145.006,118.5,46.9,2026-09-11T07:05:25Z
157,2714419331072,36,145.199,118.3,47.4,2026-09-11T07:07:50Z
158,2731599200256,36,144.915,118.6,46.9,2026-09-11T07:10:15Z
159,2748779069440,36,145.248,118.3,46.9,2026-09-11T07:12:40Z
160,2765958938624,37,145.149,118.4,49.0,2026-09-11T07:15:05Z
161,2783138807808,37,145.408,118.1,48.5,2026-09-11T07:17:31Z
162,2800318676992,37,145.036,118.5,47.4,2026-09-11T07:19:56Z
163,2817498546176,37,145.033,118.5,45.8,2026-09-11T07:22:21Z
164,2834678415360,37,145.235,118.3,46.9,2026-09-11T07:24:46Z
165,2851858284544,38,145.260,118.3,48.0,2026-09-11T07:27:11Z
166,2869038153728,38,145.075,118.4,46.3,2026-09-11T07:29:36Z
167,2886218022912,38,144.926,118.5,49.6,2026-09-11T07:32:01Z
168,2903397892096,38,145.078,118.4,46.9,2026-09-11T07:34:26Z
169,2920577761280,38,145.213,118.3,49.0,2026-09-11T07:36:52Z
170,2937757630464,39,145.309,118.2,48.0,2026-09-11T07:39:17Z
171,2954937499648,39,145.161,118.4,46.3,2026-09-11T07:41:42Z
172,2972117368832,39,145.226,118.3,47.4,2026-09-11T07:44:07Z
173,2989297238016,39,145.108,118.4,48.5,2026-09-11T07:46:33Z
174,3006477107200,40,145.532,118.0,46.9,2026-09-11T07:48:58Z
175,3023656976384,40,145.164,118.3,48.5,2026-09-11T07:51:23Z
176,3040836845568,40,145.069,118.4,47.4,2026-09-11T07:53:48Z
177,3058016714752,40,145.487,118.1,46.9,2026-09-11T07:56:14Z
178,3075196583936,40,145.532,118.0,49.0,2026-09-11T07:58:39Z
179,3092376453120,41,145.453,118.1,48.5,2026-09-11T08:01:05Z
180,3109556322304,41,145.160,118.4,47.4,2026-09-11T08:03:30Z
181,3126736191488,41,145.234,118.3,47.4,2026-09-11T08:05:55Z
182,3143916060672,41,145.348,118.2,46.9,2026-09-11T08:08:21Z
183,3161095929856,41,145.253,118.3,46.9,2026-09-11T08:10:46Z
184,3178275799040,42,145.179,118.3,46.9,2026-09-11T08:13:11Z
185,3195455668224,42,145.236,118.3,48.5,2026-09-11T08:15:36Z
186,3212635537408,42,145.455,118.1,48.0,2026-09-11T08:18:02Z
187,3229815406592,42,145.579,118.0,46.9,2026-09-11T08:20:27Z
188,3246995275776,43,145.000,118.5,47.4,2026-09-11T08:22:53Z
189,3264175144960,43,145.125,118.4,47.4,2026-09-11T08:25:18Z
190,3281355014144,43,145.206,118.3,46.9,2026-09-11T08:27:43Z
191,3298534883328,43,145.298,118.2,48.0,2026-09-11T08:30:08Z
192,3315714752512,43,145.249,118.3,48.0,2026-09-11T08:32:33Z
193,3332894621696,44,144.898,118.6,46.9,2026-09-11T08:34:58Z
194,3350074490880,44,145.421,118.1,47.4,2026-09-11T08:37:24Z
195,3367254360064,44,145.192,118.3,47.4,2026-09-11T08:39:49Z
196,3384434229248,44,145.331,118.2,47.4,2026-09-11T08:42:14Z
197,3401614098432,45,144.960,118.5,48.5,2026-09-11T08:44:39Z
198,3418793967616,45,145.059,118.4,48.5,2026-09-11T08:47:04Z
199,3435973836800,45,144.897,118.6,48.0,2026-09-11T08:49:29Z
200,3453153705984,45,145.473,118.1,47.4,2026-09-11T08:51:55Z
201,3470333575168,45,145.193,118.3,47.4,2026-09-11T08:54:20Z
202,3487513444352,46,145.005,118.5,48.5,2026-09-11T08:56:45Z
203,3504693313536,46,145.476,118.1,48.0,2026-09-11T08:59:11Z
204,3521873182720,46,145.281,118.3,48.5,2026-09-11T09:01:36Z
205,3539053051904,46,145.347,118.2,48.0,2026-09-11T09:04:01Z
206,3556232921088,46,144.801,118.6,48.5,2026-09-11T09:06:26Z
207,3573412790272,47,145.269,118.3,48.5,2026-09-11T09:08:51Z
208,3590592659456,47,145.054,118.4,49.0,2026-09-11T09:11:16Z
209,3607772528640,47,145.215,118.3,47.4,2026-09-11T09:13:42Z
210,3624952397824,47,144.788,118.7,48.0,2026-09-11T09:16:06Z
211,3642132267008,48,145.027,118.5,48.0,2026-09-11T09:18:32Z
212,3659312136192,48,145.287,118.2,46.9,2026-09-11T09:20:57Z
213,3676492005376,48,145.591,118.0,48.5,2026-09-11T09:23:22Z
214,3693671874560,48,144.978,118.5,48.5,2026-09-11T09:25:47Z
215,3710851743744,48,145.176,118.3,48.5,2026-09-11T09:28:13Z
216,3728031612928,49,145.021,118.5,45.8,2026-09-11T09:30:38Z
217,3745211482112,49,145.431,118.1,48.0,2026-09-11T09:33:03Z
218,3762391351296,49,145.074,118.4,48.0,2026-09-11T09:35:28Z
219,3779571220480,49,145.009,118.5,47.4,2026-09-11T09:37:53Z
220,3796751089664,49,145.139,118.4,46.9,2026-09-11T09:40:18Z
221,3813930958848,50,145.315,118.2,48.5,2026-09-11T09:42:44Z
222,3831110828032,50,145.210,118.3,48.5,2026-09-11T09:45:09Z
223,3848290697216,50,145.042,118.4,47.4,2026-09-11T09:47:34Z
224,3865470566400,50,145.108,118.4,48.5,2026-09-11T09:49:59Z
225,3882650435584,51,145.043,118.4,46.9,2026-09-11T09:52:24Z
226,3899830304768,51,145.378,118.2,45.8,2026-09-11T09:54:50Z
227,3917010173952,51,144.982,118.5,47.4,2026-09-11T09:57:15Z
228,3934190043136,51,144.966,118.5,48.0,2026-09-11T09:59:40Z
229,3951369912320,51,145.135,118.4,48.5,2026-09-11T10:02:05Z
230,3968549781504,52,145.358,118.2,49.0,2026-09-11T10:04:30Z
231,3985729650688,52,145.196,118.3,48.5,2026-09-11T10:06:55Z
232,4002909519872,52,144.862,118.6,46.9,2026-09-11T10:09:20Z
233,4020089389056,52,145.188,118.3,45.8,2026-09-11T10:11:45Z
234,4037269258240,53,145.101,118.4,46.9,2026-09-11T10:14:11Z
235,4054449127424,53,145.333,118.2,48.0,2026-09-11T10:16:36Z
236,4071628996608,53,145.054,118.4,48.0,2026-09-11T10:19:01Z
237,4088808865792,53,145.171,118.3,49.0,2026-09-11T10:21:26Z
238,4105988734976,53,145.474,118.1,48.0,2026-09-11T10:23:52Z
239,4123168604160,54,145.484,118.1,46.9,2026-09-11T10:26:17Z
240,4140348473344,54,145.016,118.5,46.9,2026-09-11T10:28:42Z
241,4157528342528,54,145.061,118.4,48.5,2026-09-11T10:31:07Z
242,4174708211712,54,145.138,118.4,46.9,2026-09-11T10:33:33Z
243,4191888080896,54,145.339,118.2,48.0,2026-09-11T10:35:58Z
244,4209067950080,55,145.154,118.4,48.5,2026-09-11T10:38:23Z
245,4226247819264,55,144.776,118.7,48.0,2026-09-11T10:40:48Z
246,4243427688448,55,145.328,118.2,48.5,2026-09-11T10:43:13Z
247,4260607557632,55,145.183,118.3,46.9,2026-09-11T10:45:38Z
248,4277787426816,56,145.633,118.0,48.0,2026-09-11T10:48:04Z
249,4294967296000,56,144.912,118.6,45.8,2026-09-11T10:50:29Z
250,4312147165184,56,145.273,118.3,46.9,2026-09-11T10:52:54Z
251,4329327034368,56,144.769,118.7,48.0,2026-09-11T10:55:19Z
252,4346506903552,56,145.465,118.1,48.0,2026-09-11T10:57:45Z
253,4363686772736,57,144.899,118.6,48.0,2026-09-11T11:00:09Z
254,4380866641920,57,144.956,118.5,48.0,2026-09-11T11:02:34Z
255,4398046511104,57,145.281,118.3,47.4,2026-09-11T11:05:00Z
256,4415226380288,57,145.446,118.1,47.4,2026-09-11T11:07:25Z
257,4432406249472,58,145.204,118.3,46.3,2026-09-11T11:09:50Z
258,4449586118656,58,144.799,118.6,47.4,2026-09-11T11:12:15Z
259,4466765987840,58,144.995,118.5,46.9,2026-09-11T11:14:40Z
260,4483945857024,58,145.309,118.2,48.0,2026-09-11T11:17:06Z
261,4501125726208,58,145.311,118.2,45.8,2026-09-11T11:19:31Z
262,4518305595392,59,144.943,118.5,46.9,2026-09-11T11:21:56Z
263,4535485464576,59,145.185,118.3,48.0,2026-09-11T11:24:21Z
264,4552665333760,59,145.236,118.3,46.9,2026-09-11T11:26:46Z
265,4569845202944,59,145.258,118.3,48.0,2026-09-11T11:29:12Z
266,4587025072128,59,145.056,118.4,46.9,2026-09-11T11:31:37Z
267,4604204941312,60,145.109,118.4,46.3,2026-09-11T11:34:02Z
268,4621384810496,60,145.185,118.3,48.0,2026-09-11T11:36:27Z
269,4638564679680,60,145.351,118.2,46.3,2026-09-11T11:38:52Z
270,4655744548864,60,145.249,118.3,47.4,2026-09-11T11:41:18Z
271,4672924418048,61,144.957,118.5,48.0,2026-09-11T11:43:43Z
272,4690104287232,61,145.301,118.2,48.0,2026-09-11T11:46:08Z
273,4707284156416,61,145.193,118.3,46.9,2026-09-11T11:48:33Z
274,4724464025600,61,145.185,118.3,48.0,2026-09-11T11:50:58Z
275,4741643894784,61,144.946,118.5,48.0,2026-09-11T11:53:23Z
276,4758823763968,62,145.245,118.3,48.5,2026-09-11T11:55:49Z
277,4776003633152,62,145.006,118.5,48.0,2026-09-11T11:58:14Z
278,4793183502336,62,145.393,118.2,47.4,2026-09-11T12:00:39Z
279,4810363371520,62,144.908,118.6,48.0,2026-09-11T12:03:04Z
280,4827543240704,62,145.057,118.4,48.0,2026-09-11T12:05:29Z
281,4844723109888,63,145.406,118.2,48.0,2026-09-11T12:07:55Z
282,4861902979072,63,145.509,118.1,48.5,2026-09-11T12:10:20Z
283,4879082848256,63,145.103,118.4,48.0,2026-09-11T12:12:45Z
284,4896262717440,63,144.822,118.6,46.9,2026-09-11T12:15:10Z
285,4913442586624,64,145.121,118.4,46.9,2026-09-11T12:17:35Z
286,4930622455808,64,145.146,118.4,46.9,2026-09-11T12:20:00Z
287,4947802324992,64,145.296,118.2,46.3,2026-09-11T12:22:26Z
288,4964982194176,64,145.141,118.4,48.0,2026-09-11T12:24:51Z
289,4982162063360,64,144.845,118.6,47.4,2026-09-11T12:27:16Z
290,4999341932544,65,145.068,118.4,46.3,2026-09-11T12:29:41Z
291,5016521801728,65,145.236,118.3,46.3,2026-09-11T12:32:06Z
292,5033701670912,65,145.095,118.4,49.0,2026-09-11T12:34:31Z
293,5050881540096,65,144.950,118.5,46.9,2026-09-11T12:36:56Z
294,5068061409280,66,145.172,118.3,46.9,2026-09-11T12:39:21Z
295,5085241278464,66,145.129,118.4,49.6,2026-09-11T12:41:46Z
296,5102421147648,66,145.282,118.3,49.0,2026-09-11T12:44:12Z
297,5119601016832,66,144.937,118.5,47.4,2026-09-11T12:46:37Z
298,5136780886016,66,145.205,118.3,47.4,2026-09-11T12:49:02Z
299,5153960755200,67,145.027,118.5,48.5,2026-09-11T12:51:27Z
300,5171140624384,67,145.444,118.1,47.4,2026-09-11T12:53:52Z
301,5188320493568,67,145.055,118.4,48.0,2026-09-11T12:56:17Z
302,5205500362752,67,145.146,118.4,47.4,2026-09-11T12:58:43Z
303,5222680231936,67,145.063,118.4,46.3,2026-09-11T13:01:08Z
304,5239860101120,68,145.364,118.2,47.4,2026-09-11T13:03:33Z
305,5257039970304,68,145.281,118.3,45.8,2026-09-11T13:05:58Z
306,5274219839488,68,144.902,118.6,47.4,2026-09-11T13:08:23Z
307,5291399708672,68,145.402,118.2,46.3,2026-09-11T13:10:49Z
308,5308579577856,69,145.363,118.2,47.4,2026-09-11T13:13:14Z
309,5325759447040,69,145.410,118.1,47.4,2026-09-11T13:15:40Z
310,5342939316224,69,145.509,118.1,46.9,2026-09-11T13:18:05Z
311,5360119185408,69,145.209,118.3,46.3,2026-09-11T13:20:30Z
312,5377299054592,69,145.046,118.4,47.4,2026-09-11T13:22:55Z
313,5394478923776,70,145.351,118.2,47.4,2026-09-11T13:25:21Z
314,5411658792960,70,145.413,118.1,48.0,2026-09-11T13:27:46Z
315,5428838662144,70,145.065,118.4,48.0,2026-09-11T13:30:11Z
316,5446018531328,70,145.382,118.2,48.0,2026-09-11T13:32:37Z
317,5463198400512,70,145.357,118.2,48.5,2026-09-11T13:35:02Z
318,5480378269696,71,145.188,118.3,47.4,2026-09-11T13:37:27Z
319,5497558138880,71,144.884,118.6,46.9,2026-09-11T13:39:52Z
320,5514738008064,71,145.285,118.2,46.9,2026-09-11T13:42:18Z
321,5531917877248,71,145.053,118.4,46.3,2026-09-11T13:44:43Z
322,5549097746432,72,145.587,118.0,47.4,2026-09-11T13:47:08Z
323,5566277615616,72,144.932,118.5,48.0,2026-09-11T13:49:33Z
324,5583457484800,72,145.145,118.4,47.4,2026-09-11T13:51:58Z
325,5600637353984,72,145.300,118.2,47.4,2026-09-11T13:54:24Z
326,5617817223168,72,145.621,118.0,48.0,2026-09-11T13:56:49Z
327,5634997092352,73,144.979,118.5,47.4,2026-09-11T13:59:14Z
328,5652176961536,73,145.036,118.5,47.4,2026-09-11T14:01:39Z
329,5669356830720,73,145.133,118.4,46.9,2026-09-11T14:04:04Z
330,5686536699904,73,145.208,118.3,48.0,2026-09-11T14:06:30Z
331,5703716569088,74,145.218,118.3,48.0,2026-09-11T14:08:55Z
332,5720896438272,74,144.773,118.7,47.4,2026-09-11T14:11:20Z
333,5738076307456,74,145.023,118.5,46.9,2026-09-11T14:13:45Z
334,5755256176640,74,145.114,118.4,46.9,2026-09-11T14:16:10Z
335,5772436045824,74,145.286,118.2,46.3,2026-09-11T14:18:35Z
336,5789615915008,75,144.790,118.7,46.9,2026-09-11T14:21:00Z
337,5806795784192,75,144.932,118.5,47.4,2026-09-11T14:23:25Z
338,5823975653376,75,144.923,118.5,48.0,2026-09-11T14:25:50Z
339,5841155522560,75,145.056,118.4,48.0,2026-09-11T14:28:15Z
340,5858335391744,75,144.863,118.6,48.0,2026-09-11T14:30:40Z
341,5875515260928,76,144.613,118.8,47.4,2026-09-11T14:33:05Z
342,5892695130112,76,145.083,118.4,48.0,2026-09-11T14:35:30Z
343,5909874999296,76,145.246,118.3,48.5,2026-09-11T14:37:55Z
344,5927054868480,76,145.124,118.4,46.9,2026-09-11T14:40:20Z
345,5944234737664,77,144.930,118.5,48.0,2026-09-11T14:42:45Z
346,5961414606848,77,145.097,118.4,48.0,2026-09-11T14:45:10Z
347,5978594476032,77,144.969,118.5,46.3,2026-09-11T14:47:35Z
348,5995774345216,77,145.051,118.4,46.9,2026-09-11T14:50:00Z
349,6012954214400,77,144.866,118.6,46.3,2026-09-11T14:52:25Z
350,6030134083584,78,145.163,118.3,48.0,2026-09-11T14:54:50Z
351,6047313952768,78,145.063,118.4,46.9,2026-09-11T14:57:15Z
352,6064493821952,78,145.352,118.2,48.0,2026-09-11T14:59:41Z
353,6081673691136,78,144.815,118.6,46.9,2026-09-11T15:02:06Z
354,6098853560320,78,145.000,118.5,48.0,2026-09-11T15:04:31Z
355,6116033429504,79,144.992,118.5,47.4,2026-09-11T15:06:56Z
356,6133213298688,79,145.251,118.3,46.9,2026-09-11T15:09:21Z
357,6150393167872,79,144.947,118.5,47.4,2026-09-11T15:11:46Z
358,6167573037056,79,145.006,118.5,47.4,2026-09-11T15:14:11Z
359,6184752906240,80,145.563,118.0,46.3,2026-09-11T15:16:36Z
360,6201932775424,80,145.170,118.3,47.4,2026-09-11T15:19:02Z
361,6219112644608,80,145.148,118.4,48.0,2026-09-11T15:21:27Z
362,6236292513792,80,145.004,118.5,48.0,2026-09-11T15:23:52Z
363,6253472382976,80,145.098,118.4,46.3,2026-09-11T15:26:17Z
364,6270652252160,81,144.960,118.5,47.4,2026-09-11T15:28:42Z
365,6287832121344,81,145.198,118.3,46.9,2026-09-11T15:31:07Z
366,6305011990528,81,145.144,118.4,47.4,2026-09-11T15:33:32Z
367,6322191859712,81,144.875,118.6,48.0,2026-09-11T15:35:57Z
368,6339371728896,82,145.215,118.3,46.9,2026-09-11T15:38:22Z
369,6356551598080,82,145.299,118.2,48.0,2026-09-11T15:40:48Z
370,6373731467264,82,145.185,118.3,47.4,2026-09-11T15:43:13Z
371,6390911336448,82,144.830,118.6,45.8,2026-09-11T15:45:38Z
372,6408091205632,82,145.107,118.4,48.0,2026-09-11T15:48:03Z
373,6425271074816,83,144.940,118.5,47.4,2026-09-11T15:50:28Z
374,6442450944000,83,145.207,118.3,48.0,2026-09-11T15:52:53Z
375,6459630813184,83,144.825,118.6,46.9,2026-09-11T15:55:18Z
376,6476810682368,83,145.579,118.0,46.9,2026-09-11T15:57:44Z
377,6493990551552,83,145.130,118.4,48.0,2026-09-11T16:00:09Z
378,6511170420736,84,145.254,118.3,48.5,2026-09-11T16:02:34Z
379,6528350289920,84,144.986,118.5,48.5,2026-09-11T16:04:59Z
380,6545530159104,84,145.780,117.8,48.0,2026-09-11T16:07:25Z
381,6562710028288,84,145.578,118.0,47.4,2026-09-11T16:09:50Z
382,6579889897472,85,146.271,117.5,46.9,2026-09-11T16:12:17Z
383,6597069766656,85,146.482,117.3,46.3,2026-09-11T16:14:43Z
384,6614249635840,85,146.578,117.2,46.3,2026-09-11T16:17:10Z
385,6631429505024,85,146.330,117.4,48.0,2026-09-11T16:19:36Z
386,6648609374208,85,146.327,117.4,48.0,2026-09-11T16:22:02Z
387,6665789243392,86,146.700,117.1,46.9,2026-09-11T16:24:29Z
388,6682969112576,86,146.357,117.4,48.0,2026-09-11T16:26:56Z
389,6700148981760,86,146.115,117.6,48.0,2026-09-11T16:29:22Z
390,6717328850944,86,145.672,117.9,48.0,2026-09-11T16:31:47Z
391,6734508720128,87,146.797,117.0,46.9,2026-09-11T16:34:14Z
392,6751688589312,87,146.501,117.3,47.4,2026-09-11T16:36:41Z
393,6768868458496,87,146.421,117.3,48.0,2026-09-11T16:39:07Z
394,6786048327680,87,146.152,117.5,46.3,2026-09-11T16:41:33Z
395,6803228196864,87,146.738,117.1,46.9,2026-09-11T16:44:00Z
396,6820408066048,88,146.800,117.0,48.0,2026-09-11T16:46:27Z
397,6837587935232,88,146.253,117.5,48.0,2026-09-11T16:48:53Z
398,6854767804416,88,145.980,117.7,49.0,2026-09-11T16:51:19Z
399,6871947673600,88,146.245,117.5,46.9,2026-09-11T16:53:45Z
400,6889127542784,88,146.797,117.0,46.3,2026-09-11T16:56:12Z
401,6906307411968,89,146.246,117.5,48.0,2026-09-11T16:58:39Z
402,6923487281152,89,146.677,117.1,47.4,2026-09-11T17:01:05Z
403,6940667150336,89,146.229,117.5,47.4,2026-09-11T17:03:31Z
404,6957847019520,89,147.252,116.7,48.0,2026-09-11T17:05:59Z
405,6975026888704,90,146.663,117.1,47.4,2026-09-11T17:08:25Z
406,6992206757888,90,146.421,117.3,46.3,2026-09-11T17:10:52Z
407,7009386627072,90,145.932,117.7,48.0,2026-09-11T17:13:18Z
408,7026566496256,90,146.638,117.2,47.4,2026-09-11T17:15:44Z
409,7043746365440,90,146.877,117.0,46.3,2026-09-11T17:18:11Z
410,7060926234624,91,146.542,117.2,46.9,2026-09-11T17:20:38Z
411,7078106103808,91,146.445,117.3,48.5,2026-09-11T17:23:04Z
