utc,elapsed_s,role,frame,p50,p99,p999,max,clipped_pct,r_pct,g_pct,b_pct,black_pct
2026-09-17T22:22:30Z,0,cam0,000034.raw,49,255,255,255,1.02,0.17,1.49,0.95,0.00
2026-09-17T22:22:30Z,0,cam1,000035.raw,52,255,255,255,1.21,0.66,1.50,1.19,0.00
2026-09-17T22:23:30Z,60,cam0,000155.raw,49,255,255,255,1.08,0.19,1.56,1.01,0.00
2026-09-17T22:23:30Z,60,cam1,000155.raw,50,252,255,255,0.99,0.57,1.23,0.91,0.00
2026-09-17T22:24:30Z,120,cam0,000275.raw,47,237,255,255,0.74,0.09,1.06,0.74,0.00
2026-09-17T22:24:30Z,120,cam1,000275.raw,47,232,255,255,0.83,0.48,1.03,0.77,0.00
2026-09-17T22:25:30Z,180,cam0,000396.raw,48,241,255,255,0.80,0.11,1.16,0.77,0.00
2026-09-17T22:25:30Z,180,cam1,000396.raw,49,255,255,255,1.09,0.57,1.36,1.06,0.00
2026-09-17T22:26:30Z,240,cam0,000516.raw,47,246,255,255,0.87,0.12,1.26,0.82,0.00
2026-09-17T22:26:31Z,240,cam1,000516.raw,48,245,255,255,0.93,0.56,1.16,0.85,0.00
2026-09-17T22:27:31Z,301,cam0,000637.raw,48,255,255,255,1.96,0.77,2.51,2.03,0.00
2026-09-17T22:27:31Z,301,cam1,000637.raw,50,255,255,255,2.11,1.29,2.48,2.20,0.00
2026-09-17T22:28:31Z,361,cam0,000757.raw,46,249,255,255,0.93,0.18,1.26,1.02,0.00
2026-09-17T22:28:31Z,361,cam1,000757.raw,49,255,255,255,1.43,0.72,1.73,1.53,0.00
2026-09-17T22:29:31Z,421,cam0,000878.raw,48,255,255,255,1.08,0.18,1.54,1.06,0.00
2026-09-17T22:29:31Z,421,cam1,000878.raw,51,255,255,255,2.00,1.25,2.34,2.07,0.00
2026-09-17T22:30:31Z,481,cam0,000998.raw,47,245,255,255,0.85,0.12,1.24,0.80,0.00
2026-09-17T22:30:32Z,481,cam1,000998.raw,49,229,255,255,0.82,0.51,1.03,0.72,0.00
2026-09-17T22:31:32Z,542,cam0,001119.raw,47,255,255,255,1.12,0.25,1.55,1.13,0.00
2026-09-17T22:31:32Z,542,cam1,001119.raw,51,255,255,255,1.99,0.89,2.43,2.22,0.00
2026-09-17T22:32:32Z,602,cam0,001239.raw,46,250,255,255,0.93,0.15,1.32,0.92,0.00
2026-09-17T22:32:32Z,602,cam1,001239.raw,49,255,255,255,1.15,0.57,1.43,1.17,0.00
2026-09-17T22:33:32Z,662,cam0,001360.raw,47,255,255,255,1.02,0.22,1.42,1.01,0.00
2026-09-17T22:33:32Z,662,cam1,001360.raw,49,249,255,255,0.96,0.56,1.19,0.91,0.00
2026-09-17T22:34:32Z,722,cam0,001480.raw,45,239,255,255,0.77,0.11,1.13,0.73,0.00
2026-09-17T22:34:33Z,722,cam1,001480.raw,47,225,255,255,0.79,0.49,0.98,0.68,0.00
2026-09-17T22:35:33Z,783,cam0,001601.raw,47,245,255,255,0.85,0.12,1.23,0.83,0.00
2026-09-17T22:35:33Z,783,cam1,001601.raw,52,240,255,255,0.87,0.47,1.09,0.83,0.00
2026-09-17T22:36:33Z,843,cam0,001721.raw,45,239,255,255,0.77,0.11,1.12,0.72,0.00
2026-09-17T22:36:33Z,843,cam1,001721.raw,49,247,255,255,0.94,0.49,1.19,0.89,0.00
2026-09-17T22:37:33Z,903,cam0,001842.raw,45,240,255,255,0.79,0.11,1.15,0.75,0.00
2026-09-17T22:37:33Z,903,cam1,001842.raw,50,255,255,255,1.28,0.57,1.59,1.38,0.00
2026-09-17T22:38:33Z,963,cam0,001962.raw,45,255,255,255,1.16,0.37,1.54,1.19,0.00
2026-09-17T22:38:33Z,963,cam1,001962.raw,48,255,255,255,1.30,0.80,1.56,1.29,0.00
2026-09-17T22:39:34Z,1024,cam0,002082.raw,45,255,255,255,1.60,0.65,2.04,1.69,0.00
2026-09-17T22:39:34Z,1024,cam1,002083.raw,50,255,255,255,2.48,1.36,2.92,2.73,0.00
2026-09-17T22:40:34Z,1084,cam0,002203.raw,46,237,255,255,0.74,0.09,1.07,0.72,0.00
2026-09-17T22:40:34Z,1084,cam1,002203.raw,52,255,255,255,2.15,1.26,2.51,2.29,0.00
2026-09-17T22:41:34Z,1144,cam0,002324.raw,43,229,255,255,0.68,0.07,0.93,0.81,0.00
2026-09-17T22:41:34Z,1144,cam1,002324.raw,49,255,255,255,1.16,0.52,1.43,1.28,0.00
2026-09-17T22:42:34Z,1204,cam0,002444.raw,42,203,255,255,0.34,0.04,0.49,0.35,0.00
2026-09-17T22:42:35Z,1204,cam1,002444.raw,49,255,255,255,1.16,0.51,1.41,1.30,0.00
2026-09-17T22:43:35Z,1265,cam0,002565.raw,45,255,255,255,1.25,0.41,1.65,1.30,0.00
2026-09-17T22:43:35Z,1265,cam1,002565.raw,49,255,255,255,1.31,0.83,1.56,1.29,0.00
2026-09-17T22:44:35Z,1325,cam0,002685.raw,47,246,255,255,0.86,0.10,1.22,0.91,0.00
2026-09-17T22:44:35Z,1325,cam1,002685.raw,52,255,255,255,1.69,0.80,2.05,1.86,0.00
2026-09-17T22:45:35Z,1385,cam0,002806.raw,41,248,255,255,0.95,0.50,1.13,1.04,0.00
2026-09-17T22:45:35Z,1385,cam1,002806.raw,42,255,255,255,1.60,1.07,1.79,1.77,0.00
2026-09-17T22:46:35Z,1445,cam0,002926.raw,37,217,255,255,0.40,0.00,0.46,0.69,0.00
2026-09-17T22:46:36Z,1445,cam1,002926.raw,38,255,255,255,1.12,0.12,1.31,1.73,0.00
2026-09-17T22:47:36Z,1506,cam0,003047.raw,43,211,255,255,0.41,0.05,0.61,0.38,0.00
2026-09-17T22:47:36Z,1506,cam1,003047.raw,49,219,255,255,0.67,0.40,0.85,0.59,0.00
2026-09-17T22:48:36Z,1566,cam0,003167.raw,40,192,255,255,0.25,0.02,0.35,0.26,0.00
2026-09-17T22:48:36Z,1566,cam1,003167.raw,45,255,255,255,1.36,0.85,1.56,1.46,0.00
2026-09-17T22:49:36Z,1626,cam0,003288.raw,39,190,255,255,0.27,0.02,0.38,0.31,0.00
2026-09-17T22:49:36Z,1626,cam1,003288.raw,45,255,255,255,1.40,0.44,1.71,1.73,0.00
2026-09-17T22:50:36Z,1686,cam0,003408.raw,43,226,255,255,0.63,0.08,0.93,0.60,0.00
2026-09-17T22:50:37Z,1686,cam1,003408.raw,46,238,255,255,0.86,0.46,1.08,0.83,0.00
2026-09-17T22:51:37Z,1747,cam0,003529.raw,41,248,255,255,0.90,0.06,1.19,1.16,0.00
2026-09-17T22:51:37Z,1747,cam1,003529.raw,44,255,255,255,1.34,0.43,1.62,1.69,0.00
2026-09-17T22:52:37Z,1807,cam0,003649.raw,40,202,255,255,0.30,0.03,0.44,0.30,0.00
2026-09-17T22:52:37Z,1807,cam1,003649.raw,48,218,255,255,0.69,0.40,0.84,0.67,0.00
2026-09-17T22:53:37Z,1867,cam0,003770.raw,40,242,255,255,0.86,0.15,1.11,1.07,0.00
2026-09-17T22:53:37Z,1867,cam1,003770.raw,45,255,255,255,1.52,0.60,1.83,1.84,0.00
2026-09-17T22:54:38Z,1928,cam0,003890.raw,43,241,255,255,0.81,0.13,1.16,0.81,0.00
2026-09-17T22:54:38Z,1928,cam1,003891.raw,50,255,255,255,1.28,0.62,1.58,1.35,0.00
2026-09-17T22:55:38Z,1988,cam0,004011.raw,42,224,255,255,0.59,0.07,0.87,0.55,0.00
2026-09-17T22:55:38Z,1988,cam1,004011.raw,47,220,255,255,0.76,0.45,0.95,0.67,0.00
2026-09-17T22:56:38Z,2048,cam0,004131.raw,44,255,255,255,1.05,0.32,1.38,1.10,0.00
2026-09-17T22:56:38Z,2048,cam1,004132.raw,49,255,255,255,1.84,0.97,2.18,2.01,0.00
2026-09-17T22:57:38Z,2108,cam0,004252.raw,42,225,255,255,0.59,0.06,0.85,0.57,0.00
2026-09-17T22:57:39Z,2108,cam1,004252.raw,49,255,255,255,1.30,0.66,1.58,1.38,0.00
2026-09-17T22:58:39Z,2169,cam0,004372.raw,42,236,255,255,0.75,0.12,1.04,0.78,0.00
2026-09-17T22:58:39Z,2169,cam1,004373.raw,49,255,255,255,2.05,0.81,2.52,2.37,0.00
2026-09-17T22:59:39Z,2229,cam0,004493.raw,40,217,255,255,0.50,0.06,0.73,0.47,0.00
2026-09-17T22:59:39Z,2229,cam1,004494.raw,45,213,255,255,0.65,0.41,0.81,0.56,0.00
2026-09-17T23:00:39Z,2289,cam0,004614.raw,41,213,255,255,0.46,0.05,0.68,0.42,0.00
2026-09-17T23:00:40Z,2289,cam1,004614.raw,47,230,255,255,0.81,0.46,1.01,0.77,0.00
2026-09-17T23:01:40Z,2350,cam0,004735.raw,41,211,255,255,0.43,0.05,0.64,0.40,0.00
2026-09-17T23:01:40Z,2350,cam1,004735.raw,46,213,255,255,0.68,0.42,0.85,0.60,0.00
2026-09-17T23:02:40Z,2410,cam0,004855.raw,41,255,255,255,1.43,0.51,1.77,1.65,0.00
2026-09-17T23:02:40Z,2410,cam1,004856.raw,48,255,255,255,3.06,1.54,3.56,3.57,0.00
2026-09-17T23:03:40Z,2470,cam0,004976.raw,40,208,255,255,0.39,0.05,0.58,0.36,0.00
2026-09-17T23:03:40Z,2470,cam1,004976.raw,45,210,255,255,0.61,0.39,0.76,0.53,0.00
2026-09-17T23:04:41Z,2531,cam0,005096.raw,41,219,255,255,0.48,0.05,0.70,0.49,0.00
2026-09-17T23:04:41Z,2531,cam1,005097.raw,46,224,255,255,0.75,0.40,0.93,0.75,0.00
2026-09-17T23:05:41Z,2591,cam0,005217.raw,40,206,255,255,0.38,0.04,0.57,0.34,0.00
2026-09-17T23:05:41Z,2591,cam1,005217.raw,46,212,255,255,0.66,0.40,0.83,0.60,0.00
2026-09-17T23:06:41Z,2651,cam0,005338.raw,40,228,255,255,0.66,0.16,0.90,0.68,0.00
2026-09-17T23:06:41Z,2651,cam1,005338.raw,46,248,255,255,0.96,0.54,1.17,0.94,0.00
2026-09-17T23:07:42Z,2712,cam0,005458.raw,39,224,255,255,0.59,0.13,0.82,0.61,0.00
2026-09-17T23:07:42Z,2712,cam1,005459.raw,47,255,255,255,1.88,0.86,2.27,2.11,0.00
2026-09-17T23:08:42Z,2772,cam0,005579.raw,38,218,255,255,0.51,0.07,0.73,0.53,0.00
2026-09-17T23:08:42Z,2772,cam1,005579.raw,44,255,255,255,1.16,0.60,1.41,1.20,0.00
2026-09-17T23:09:42Z,2832,cam0,005700.raw,39,212,255,255,0.39,0.04,0.56,0.38,0.00
2026-09-17T23:09:42Z,2832,cam1,005700.raw,47,255,255,255,1.46,0.78,1.75,1.57,0.00
2026-09-17T23:10:43Z,2892,cam0,005820.raw,40,243,255,255,0.87,0.36,1.10,0.91,0.00
2026-09-17T23:10:43Z,2892,cam1,005820.raw,45,255,255,255,1.10,0.73,1.29,1.08,0.00
2026-09-17T23:11:43Z,2953,cam0,005941.raw,39,255,255,255,1.72,0.82,2.07,1.90,0.00
2026-09-17T23:11:43Z,2953,cam1,005941.raw,47,255,255,255,2.98,1.57,3.48,3.39,0.00
2026-09-17T23:12:43Z,3013,cam0,006061.raw,40,232,255,255,0.68,0.16,0.91,0.74,0.00
2026-09-17T23:12:43Z,3013,cam1,006062.raw,49,255,255,255,1.79,0.84,2.15,2.02,0.00
2026-09-17T23:13:43Z,3073,cam0,006182.raw,39,207,255,255,0.35,0.04,0.51,0.35,0.00
2026-09-17T23:13:44Z,3073,cam1,006182.raw,47,217,255,255,0.69,0.37,0.86,0.68,0.00
2026-09-17T23:14:44Z,3134,cam0,006303.raw,39,210,255,255,0.44,0.07,0.62,0.45,0.00
2026-09-17T23:14:44Z,3134,cam1,006303.raw,47,230,255,255,0.80,0.43,0.99,0.80,0.00
2026-09-17T23:15:44Z,3194,cam0,006424.raw,38,194,255,255,0.27,0.03,0.40,0.25,0.00
2026-09-17T23:15:44Z,3194,cam1,006424.raw,45,209,255,255,0.61,0.37,0.76,0.56,0.00
2026-09-17T23:16:45Z,3254,cam0,006544.raw,38,201,255,255,0.32,0.03,0.47,0.31,0.00
2026-09-17T23:16:45Z,3254,cam1,006545.raw,44,215,255,255,0.68,0.38,0.84,0.66,0.00
2026-09-17T23:17:45Z,3315,cam0,006665.raw,37,196,255,255,0.29,0.03,0.43,0.28,0.00
2026-09-17T23:17:45Z,3315,cam1,006665.raw,43,208,255,255,0.61,0.36,0.76,0.56,0.00
2026-09-17T23:18:45Z,3375,cam0,006786.raw,38,228,255,255,0.69,0.20,0.91,0.77,0.00
2026-09-17T23:18:45Z,3375,cam1,006786.raw,46,255,255,255,1.65,0.88,1.97,1.80,0.00
2026-09-17T23:19:46Z,3436,cam0,006906.raw,38,215,255,255,0.43,0.04,0.59,0.49,0.00
2026-09-17T23:19:46Z,3436,cam1,006907.raw,48,255,255,255,1.86,0.85,2.24,2.13,0.00
2026-09-17T23:20:46Z,3496,cam0,007027.raw,37,198,255,255,0.31,0.03,0.45,0.33,0.00
2026-09-17T23:20:46Z,3496,cam1,007028.raw,43,220,255,255,0.70,0.37,0.86,0.71,0.00
2026-09-17T23:21:47Z,3556,cam0,007148.raw,37,203,255,255,0.35,0.03,0.50,0.37,0.00
2026-09-17T23:21:47Z,3556,cam1,007148.raw,45,238,255,255,0.84,0.38,1.04,0.90,0.00
2026-09-17T23:22:47Z,3617,cam0,007269.raw,36,193,255,255,0.26,0.03,0.38,0.25,0.00
2026-09-17T23:22:47Z,3617,cam1,007269.raw,43,212,255,255,0.69,0.40,0.85,0.67,0.00
2026-09-17T23:23:47Z,3677,cam0,007390.raw,37,202,255,255,0.34,0.02,0.48,0.38,0.00
2026-09-17T23:23:47Z,3677,cam1,007390.raw,43,229,255,255,0.79,0.37,0.97,0.83,0.00
2026-09-17T23:24:48Z,3737,cam0,007510.raw,36,186,255,255,0.23,0.03,0.34,0.22,0.00
2026-09-17T23:24:48Z,3737,cam1,007511.raw,45,211,255,255,0.65,0.37,0.80,0.62,0.00
2026-09-17T23:25:48Z,3798,cam0,007631.raw,35,187,255,255,0.28,0.05,0.40,0.28,0.00
2026-09-17T23:25:48Z,3798,cam1,007631.raw,42,227,255,255,0.81,0.41,0.99,0.82,0.00
2026-09-17T23:26:48Z,3858,cam0,007752.raw,36,194,255,255,0.34,0.05,0.48,0.36,0.00
2026-09-17T23:26:49Z,3858,cam1,007752.raw,46,255,255,255,1.53,0.57,1.88,1.79,0.00
2026-09-17T23:27:49Z,3919,cam0,007873.raw,36,184,255,255,0.25,0.03,0.37,0.25,0.00
2026-09-17T23:27:49Z,3919,cam1,007873.raw,44,233,255,255,0.81,0.43,0.99,0.84,0.00
2026-09-17T23:28:49Z,3979,cam0,007993.raw,35,186,255,255,0.31,0.06,0.43,0.32,0.00
2026-09-17T23:28:49Z,3979,cam1,007994.raw,42,214,255,255,0.75,0.46,0.90,0.73,0.00
2026-09-17T23:29:50Z,4039,cam0,008114.raw,34,178,255,255,0.21,0.02,0.30,0.20,0.00
2026-09-17T23:29:50Z,4039,cam1,008115.raw,42,198,255,255,0.57,0.35,0.69,0.53,0.00
2026-09-17T23:30:50Z,4100,cam0,008235.raw,35,194,255,255,0.41,0.07,0.56,0.45,0.00
2026-09-17T23:30:50Z,4100,cam1,008235.raw,43,255,255,255,1.35,0.53,1.66,1.54,0.00
2026-09-17T23:31:50Z,4160,cam0,008356.raw,35,180,255,255,0.23,0.02,0.33,0.23,0.00
2026-09-17T23:31:51Z,4160,cam1,008356.raw,43,234,255,255,0.82,0.41,1.00,0.87,0.00
2026-09-17T23:32:51Z,4221,cam0,008477.raw,35,210,255,255,0.40,0.02,0.54,0.47,0.00
2026-09-17T23:32:51Z,4221,cam1,008477.raw,44,245,255,255,0.90,0.39,1.10,1.00,0.00
2026-09-17T23:33:51Z,4281,cam0,008597.raw,34,172,255,255,0.17,0.02,0.25,0.15,0.00
2026-09-17T23:33:51Z,4281,cam1,008598.raw,41,194,255,255,0.49,0.33,0.59,0.43,0.00
2026-09-17T23:34:52Z,4341,cam0,008718.raw,34,255,255,255,1.24,0.33,1.57,1.50,0.00
2026-09-17T23:34:52Z,4341,cam1,008719.raw,45,255,255,255,2.59,0.84,3.16,3.20,0.00
2026-09-17T23:35:52Z,4402,cam0,008839.raw,34,176,255,255,0.19,0.02,0.28,0.19,0.00
2026-09-17T23:35:52Z,4402,cam1,008839.raw,43,233,255,255,0.84,0.41,1.03,0.88,0.00
2026-09-17T23:36:52Z,4462,cam0,008960.raw,34,168,255,255,0.14,0.01,0.22,0.13,0.00
2026-09-17T23:36:53Z,4462,cam1,008960.raw,41,195,255,255,0.51,0.32,0.62,0.47,0.00
2026-09-17T23:37:53Z,4523,cam0,009081.raw,34,169,255,255,0.15,0.01,0.23,0.14,0.00
2026-09-17T23:37:53Z,4523,cam1,009081.raw,41,192,255,255,0.47,0.32,0.58,0.42,0.00
2026-09-17T23:38:53Z,4583,cam0,009202.raw,33,174,255,255,0.19,0.02,0.27,0.18,0.00
2026-09-17T23:38:53Z,4583,cam1,009202.raw,40,200,255,255,0.57,0.35,0.70,0.55,0.00
2026-09-17T23:39:54Z,4644,cam0,009322.raw,34,255,255,255,1.11,0.23,1.42,1.38,0.00
2026-09-17T23:39:54Z,4644,cam1,009323.raw,44,255,255,255,1.96,0.65,2.39,2.42,0.00
2026-09-17T23:40:54Z,4704,cam0,009443.raw,34,212,255,255,0.54,0.08,0.71,0.64,0.00
2026-09-17T23:40:54Z,4704,cam1,009444.raw,45,255,255,255,1.00,0.39,1.22,1.18,0.00
2026-09-17T23:41:55Z,4764,cam0,009564.raw,33,165,255,255,0.13,0.01,0.19,0.11,0.00
2026-09-17T23:41:55Z,4764,cam1,009565.raw,41,190,255,255,0.45,0.31,0.54,0.40,0.00
2026-09-17T23:42:55Z,4825,cam0,009685.raw,33,179,255,255,0.20,0.02,0.29,0.21,0.00
2026-09-17T23:42:55Z,4825,cam1,009685.raw,42,218,255,255,0.69,0.35,0.85,0.72,0.00
2026-09-17T23:43:55Z,4885,cam0,009806.raw,31,170,255,255,0.13,0.01,0.19,0.12,0.00
2026-09-17T23:43:56Z,4885,cam1,009806.raw,39,199,255,255,0.56,0.34,0.67,0.55,0.00
2026-09-17T23:44:56Z,4946,cam0,009927.raw,32,202,255,255,0.33,0.02,0.45,0.40,0.00
2026-09-17T23:44:56Z,4946,cam1,009927.raw,41,240,255,255,0.84,0.35,1.01,0.97,0.00
2026-09-17T23:45:56Z,5006,cam0,010048.raw,32,190,255,255,0.42,0.08,0.56,0.49,0.00
2026-09-17T23:45:57Z,5006,cam1,010048.raw,41,255,255,255,1.12,0.55,1.35,1.23,0.00
2026-09-17T23:46:57Z,5067,cam0,010169.raw,31,169,255,255,0.18,0.02,0.25,0.18,0.00
2026-09-17T23:46:57Z,5067,cam1,010169.raw,43,255,255,255,1.39,0.70,1.66,1.55,0.00
2026-09-17T23:47:57Z,5127,cam0,010289.raw,31,161,255,255,0.12,0.01,0.18,0.11,0.00
2026-09-17T23:47:57Z,5127,cam1,010290.raw,39,188,255,255,0.46,0.31,0.56,0.43,0.00
2026-09-17T23:48:58Z,5187,cam0,010410.raw,31,169,255,255,0.14,0.01,0.20,0.14,0.00
2026-09-17T23:48:58Z,5187,cam1,010410.raw,39,199,255,255,0.55,0.30,0.66,0.56,0.00
2026-09-17T23:49:58Z,5248,cam0,010531.raw,30,157,254,255,0.10,0.01,0.15,0.09,0.00
2026-09-17T23:49:58Z,5248,cam1,010531.raw,38,204,255,255,0.61,0.32,0.75,0.63,0.00
2026-09-17T23:50:58Z,5308,cam0,010652.raw,30,215,255,255,0.58,0.14,0.75,0.69,0.00
2026-09-17T23:50:59Z,5308,cam1,010652.raw,40,255,255,255,1.58,0.75,1.87,1.84,0.00
2026-09-17T23:51:59Z,5369,cam0,010773.raw,31,196,255,255,0.33,0.03,0.45,0.39,0.00
2026-09-17T23:51:59Z,5369,cam1,010773.raw,41,238,255,255,0.81,0.33,0.99,0.94,0.00
