elapsed_s,vm_rss_kb,vm_hwm_kb,threads,soc_temp_c,arm_clock_hz,throttled,dirty_kb,writeback_kb,mem_available_kb,vault_used_gb,dev_util_pct,dev_wmbps
5,77668,77668,29,39.1,2400023808,0x0,288,0,7330864,1,0.0,0.0
10,2191760,2191760,34,38.6,2400020480,0x0,189368,0,4684088,1,0.0,0.0
15,2506808,2506808,34,38.6,2400030464,0x0,409780,0,4364520,1,4.9,18.5
20,2506808,2506808,34,39.7,2400020480,0x0,393984,0,4361448,1,17.3,64.6
25,2506808,2506808,34,39.1,2400030464,0x0,409872,12,4375604,2,15.8,58.5
31,2506808,2506808,34,40.2,2400030464,0x0,409824,0,4363756,2,18.4,67.7
36,2506808,2506808,34,40.2,2400027136,0x0,283632,0,4360516,2,22.3,86.2
41,2506816,2506816,34,40.2,2400027136,0x0,409864,80,4358812,3,9.9,36.9
46,2506816,2506816,34,40.2,2400027136,0x0,425504,0,4350660,3,15.8,58.5
51,2506744,2506744,34,39.7,2400033792,0x0,346736,0,4352056,3,20.8,76.9
56,2506744,2506744,34,40.8,2400027136,0x0,220704,0,4348332,3,22.8,86.2
61,2506724,2506724,34,41.4,2400030464,0x0,118040,8156,4356140,4,21.3,81.0
66,2506728,2506728,34,41.9,2400023808,0x0,417788,15312,4362648,4,2.3,8.3
71,2506728,2506728,34,41.4,2400027136,0x0,425488,0,4362208,4,16.4,61.6
76,2506728,2506728,34,40.2,2400030464,0x0,394004,0,4347560,5,18.0,67.7
81,2506728,2506728,34,41.9,2400027136,0x0,409828,12,4360316,5,15.7,58.5
86,2506728,2506728,34,43.0,2400030464,0x0,378304,0,4352888,5,18.2,67.7
91,2506736,2506736,34,40.2,2400020480,0x0,252256,0,4354344,6,22.5,86.2
96,2506736,2506736,34,41.9,2400037120,0x0,425484,136,4369028,6,7.6,27.7
102,2506736,2506736,34,41.9,2400027136,0x0,425484,0,4354180,6,17.9,67.7
107,2506736,2506736,34,41.9,2400033792,0x0,346716,0,4346356,6,20.4,76.9
112,2506736,2506736,34,42.5,2400020480,0x0,157636,0,4336780,7,25.8,98.5
117,2506740,2506740,34,41.4,2400027136,0x0,78780,0,4348632,7,20.3,77.0
122,2506740,2506740,34,41.4,2400033792,0x0,393980,0,4361236,7,0.1,0.0
127,2506740,2506740,34,41.4,2400037120,0x0,283680,0,4338792,8,21.8,83.1
132,2506740,2506740,34,43.0,2400030464,0x0,417308,8192,4352608,8,11.0,41.3
137,2506740,2506740,34,43.0,2400027136,0x0,393900,15756,4351936,8,17.1,64.8
142,2506744,2506744,34,43.0,2400027136,0x0,315208,0,4351640,9,20.6,78.5
147,2506744,2506744,34,43.0,2400017408,0x0,393908,0,4348820,9,12.3,46.2
152,2506744,2506744,34,43.5,2400033792,0x0,409720,0,4342436,9,15.6,58.5
157,2506744,2506744,34,41.9,2400027136,0x0,283620,0,4348612,10,22.5,86.2
162,2506744,2506744,34,41.4,2400033792,0x0,409744,36,4369904,10,9.9,36.9
168,2506744,2506744,34,43.0,2400030464,0x0,425556,15672,4351160,10,16.7,63.2
173,2506748,2506748,34,44.6,2400017408,0x0,378164,0,4335504,10,18.9,72.3
178,2506748,2506748,34,44.1,2400033792,0x0,252180,0,4346524,11,22.6,86.2
183,2506748,2506748,34,45.2,2400033792,0x0,126056,0,4341972,11,22.5,86.2
188,2506748,2506748,34,43.0,2400017408,0x0,394100,0,4354896,11,2.5,9.2
193,2506748,2506748,34,44.6,2400020480,0x0,342568,0,4345332,12,18.6,71.6
198,2506752,2506752,34,44.1,2400033792,0x0,393984,12,4360992,12,13.7,51.5
203,2506752,2506752,34,44.6,2400023808,0x0,425484,7616,4352188,12,16.4,61.1
208,2506752,2506752,34,44.1,2400027136,0x0,365912,0,4337608,13,19.3,73.7
213,2506752,2506752,34,45.2,2400030464,0x0,212404,0,4333816,13,24.1,91.5
218,2506752,2506752,34,45.2,2400030464,0x0,394044,148,4338860,13,7.1,26.1
223,2506756,2506756,34,44.6,2400030464,0x0,220592,0,4349772,13,25.0,95.4
228,2506756,2506756,34,45.8,2400027136,0x0,145272,0,4346860,14,20.0,76.3
233,2506756,2506756,34,44.6,2400027136,0x0,409752,0,4353384,14,2.7,9.9
239,2506756,2506756,34,44.6,2400033792,0x0,315212,0,4347928,14,22.8,86.2
244,2506756,2506756,34,45.2,2400033792,0x0,402056,7704,4333980,15,11.9,44.3
249,2506760,2506760,34,45.8,2400027136,0x0,63024,40,4338660,15,33.3,128.0
254,2506760,2506760,34,44.1,2400020480,0x0,378252,0,4341648,15,0.1,0.0
259,2506760,2506760,34,44.1,2400033792,0x0,330960,0,4344436,16,18.7,70.8
264,2506760,2506760,34,45.2,2400020480,0x0,94536,0,4339916,16,28.2,107.7
269,2506760,2506760,34,45.2,2400023808,0x0,409760,0,4345028,16,0.1,0.0
274,2506764,2506764,34,46.3,2400033792,0x0,243624,0,4355804,17,26.0,98.5
279,2506764,2506764,34,44.6,2400030464,0x0,126104,0,4356624,17,22.5,86.2
284,2506764,2506764,34,45.2,2400020480,0x0,393976,148,4358360,17,2.6,9.3
289,2506764,2506764,34,46.3,2400020480,0x0,252196,0,4362216,17,23.2,89.3
294,2506764,2506764,34,45.8,2400023808,0x0,94576,0,4347424,18,24.4,92.3
299,2506768,2506768,34,45.8,2400020480,0x0,409748,0,4348320,18,0.2,0.0
304,2506768,2506768,34,45.2,2400027136,0x0,220680,0,4351068,18,25.7,98.5
310,2506768,2506768,34,46.9,2400033792,0x0,88320,0,4354592,19,23.4,89.3
315,2506768,2506768,34,47.4,2400030464,0x0,425504,0,4362368,19,0.1,0.0
320,2506768,2506768,34,46.3,2400027136,0x0,267948,0,4352264,19,24.4,92.3
325,2506772,2506772,34,46.9,2400020480,0x0,94620,0,4361332,20,25.0,95.4
330,2506772,2506772,34,46.3,2400020480,0x0,409756,0,4357440,20,0.0,0.0
335,2506772,2506772,34,45.8,2400020480,0x0,252104,0,4358368,20,24.1,92.3
340,2506772,2506772,34,47.4,2400020480,0x0,94536,0,4349784,20,24.3,92.3
345,2506772,2506772,34,46.3,2400027136,0x0,409744,0,4354992,21,0.1,0.0
350,2506776,2506776,34,46.3,2400033792,0x0,315184,0,4348824,21,22.4,86.2
355,2506776,2506776,34,45.8,2400020480,0x0,220592,0,4346028,21,21.1,80.0
360,2506776,2506776,34,45.2,2400027136,0x0,126048,0,4345668,22,21.3,80.0
365,2506776,2506776,34,46.3,2400037120,0x0,133680,15688,4344236,22,15.5,58.5
370,2506776,2506776,34,47.4,2400027136,0x0,362484,0,4343984,22,5.0,18.5
375,2506780,2506780,34,46.9,2400020480,0x0,220636,0,4349984,23,23.8,89.3
381,2506780,2506780,34,46.9,2400023808,0x0,78780,0,4353612,23,23.6,89.3
386,2506780,2506780,34,46.9,2400027136,0x0,425540,0,4353072,23,0.1,0.0
391,2506780,2506780,34,46.3,2400030464,0x0,378216,12008,4336760,24,18.9,70.3
396,2506780,2506780,34,47.4,2400027136,0x0,94536,0,4333192,24,31.0,117.4
401,2506784,2506784,34,46.3,2400027136,0x0,409768,0,4344264,24,0.1,0.0
406,2506784,2506784,34,46.3,2400027136,0x0,267948,0,4332976,24,23.4,89.3
411,2506784,2506784,34,47.4,2400033792,0x0,126104,0,4338236,25,23.4,89.3
416,2506784,2506784,34,48.0,2400030464,0x0,394040,0,4369148,25,2.6,9.3
421,2506784,2506784,34,48.0,2400033792,0x0,330988,0,4347256,25,21.1,80.0
426,2506788,2506788,34,48.5,2400033792,0x0,189184,0,4350852,26,23.4,89.3
431,2506788,2506788,34,46.3,2400017408,0x0,94608,0,4352212,26,21.2,80.0
436,2506788,2506788,34,46.9,2400033792,0x0,409768,0,4364504,26,0.1,0.0
441,2506788,2506788,34,47.4,2400023808,0x0,283720,0,4355108,27,22.7,86.2
446,2506788,2506788,34,46.9,2400020480,0x0,409812,12,4360804,27,10.0,36.9
451,2506792,2506792,34,48.0,2400037120,0x0,425420,0,4377360,27,15.7,58.5
457,2506792,2506792,34,48.5,2400037120,0x0,220584,0,4360664,28,28.3,107.7
462,2506792,2506792,34,49.0,2400030464,0x0,63076,7512,4348460,28,24.4,92.4
467,2506792,2506792,34,46.9,2400033792,0x0,378252,0,4353900,28,0.1,0.0
472,2506792,2506792,34,46.3,2400030464,0x0,252096,0,4340068,28,22.5,86.2
477,2506796,2506796,34,48.0,2400027136,0x0,94536,0,4350300,29,24.4,92.4
482,2506796,2506796,34,47.4,2400030464,0x0,409768,0,4356788,29,0.1,0.0
487,2506796,2506796,34,48.0,2400030464,0x0,283828,0,4365040,29,22.6,86.2
492,2506796,2506796,34,48.0,2400033792,0x0,204828,0,4356192,30,22.0,83.1
497,2506796,2506796,34,48.5,2400030464,0x0,126060,0,4360220,30,20.4,77.0
502,2506800,2506800,34,47.4,2400030464,0x0,180888,15756,4352316,30,13.1,49.5
507,2506800,2506800,34,49.6,2400020480,0x0,346740,8,4354720,31,8.0,30.5
512,2506800,2506800,34,46.9,2400033792,0x0,220648,0,4351376,31,22.8,86.2
517,2506800,2506800,34,46.9,2400023808,0x0,110300,0,4350028,31,22.1,83.1
522,2506800,2506800,34,48.0,2400033792,0x0,425516,0,4363404,31,0.1,0.0
528,2506804,2506804,34,48.5,2400030464,0x0,315220,0,4354420,32,23.3,89.3
533,2506804,2506804,34,48.5,2400030464,0x0,220692,0,4356788,32,21.1,80.0
538,2506804,2506804,34,48.5,2400030464,0x0,94544,0,4353728,32,22.7,86.2
543,2506804,2506804,34,48.5,2400033792,0x0,133724,8208,4347540,33,14.2,53.7
548,2506804,2506804,34,47.4,2400030464,0x0,346728,0,4351260,33,5.3,20.2
553,2506808,2506808,34,48.5,2400030464,0x0,236436,0,4343256,33,21.9,83.1
558,2506808,2506808,34,46.9,2400030464,0x0,126148,0,4347768,34,21.7,83.1
563,2506808,2506808,34,48.0,2400023808,0x0,258904,5328,4357788,34,10.5,40.0
568,2506808,2506808,34,48.5,2400037120,0x0,362512,0,4351124,34,11.3,43.1
573,2506808,2506808,34,48.5,2400020480,0x0,252208,0,4352516,35,21.7,83.1
578,2506812,2506812,34,48.5,2400033792,0x0,126152,0,4371036,35,22.5,86.2
583,2506812,2506812,34,47.4,2400020480,0x0,280404,19532,4362992,35,7.9,30.1
588,2506812,2506812,34,49.0,2400023808,0x0,315300,0,4370212,35,14.4,56.1
594,2506812,2506812,34,49.0,2400033792,0x0,414812,12732,4352132,36,13.0,48.6
599,2506812,2506812,34,49.0,2400030464,0x0,79016,80,4347980,36,33.1,126.9
604,2506816,2506816,34,49.6,2400033792,0x0,394008,0,4357548,36,0.0,0.0
609,2506816,2506816,34,46.9,2400030464,0x0,283616,0,4356228,37,21.7,83.1
614,2506816,2506816,34,48.0,2400027136,0x0,157568,0,4354276,37,22.6,86.2
619,2506816,2506816,34,47.4,2400027136,0x0,94548,0,4361216,37,19.3,73.9
624,2506816,2506816,34,47.4,2400020480,0x0,409760,0,4368884,38,0.1,0.0
629,2506820,2506820,34,48.5,2400037120,0x0,315196,0,4341336,38,22.5,86.2
634,2506820,2506820,34,48.0,2400033792,0x0,220592,0,4353032,38,20.9,80.0
639,2506820,2506820,34,48.0,2400037120,0x0,110292,0,4345760,38,21.6,83.1
644,2506820,2506820,34,47.4,2400037120,0x0,331040,7584,4349160,39,4.9,18.3
649,2506820,2506820,34,48.0,2400020480,0x0,330992,0,4366076,39,16.0,61.8
654,2506824,2506824,34,48.0,2400017408,0x0,220676,0,4360800,39,21.7,83.1
659,2506824,2506824,34,46.3,2400030464,0x0,110292,0,4365300,40,21.5,83.1
665,2506824,2506824,34,46.9,2400033792,0x0,242864,11732,4360880,40,10.5,39.6
670,2506824,2506824,34,48.0,2400023808,0x0,346728,0,4354660,40,11.3,43.5
675,2506824,2506824,34,48.5,2400027136,0x0,236432,0,4345220,41,21.6,83.1
680,2506824,2506824,34,48.0,2400030464,0x0,141804,0,4357128,41,20.7,80.0
685,2506828,2506828,34,46.3,2400020480,0x0,409768,0,4364860,41,2.6,9.3
690,2506828,2506828,34,45.8,2400033792,0x0,157648,0,4353700,42,29.1,110.8
695,2506828,2506828,34,47.4,2400037120,0x0,95772,14520,4353456,42,18.9,72.4
700,2506828,2506828,34,48.0,2400037120,0x0,383980,0,4347528,42,2.8,10.7
705,2506828,2506828,34,48.0,2400027136,0x0,299496,0,4347696,42,21.1,80.0
710,2506832,2506832,34,46.3,2400027136,0x0,189172,0,4347264,43,21.8,83.1
715,2506832,2506832,34,46.9,2400017408,0x0,78984,88,4353416,43,21.6,83.1
720,2506832,2506832,34,46.3,2400027136,0x0,394060,0,4353308,43,0.1,0.0
725,2506832,2506832,34,46.9,2400037120,0x0,283620,0,4363216,44,21.5,83.1
731,2506832,2506832,34,47.4,2400030464,0x0,236348,0,4339036,44,20.3,77.0
736,2506836,2506836,34,48.0,2400030464,0x0,157560,0,4348596,44,20.2,77.0
741,2506836,2506836,34,46.9,2400017408,0x0,63024,0,4358948,45,21.1,80.0
746,2506836,2506836,34,47.4,2400027136,0x0,322808,13968,4347924,45,2.8,10.0
751,2506836,2506836,34,46.3,2400030464,0x0,315240,0,4352748,45,16.6,63.9
756,2506836,2506836,34,46.9,2400033792,0x0,299456,0,4350884,45,16.9,64.7
761,2506840,2506840,34,45.8,2400020480,0x0,236412,0,4354008,46,19.1,73.9
766,2506840,2506840,34,47.4,2400027136,0x0,189072,0,4354876,46,20.1,77.0
771,2506840,2506840,34,47.4,2400033792,0x0,110292,0,4334624,46,20.2,77.0
776,2506840,2506840,34,46.3,2400020480,0x0,210408,10300,4351880,47,11.3,42.3
781,2506840,2506840,34,46.9,2400020480,0x0,346760,0,4343036,47,9.1,34.7
786,2506844,2506844,34,46.9,2400027136,0x0,268088,0,4368364,47,20.2,77.0
791,2506844,2506844,34,45.8,2400030464,0x0,220680,0,4354544,48,18.4,70.8
796,2506844,2506844,34,45.8,2400017408,0x0,189180,0,4362368,48,17.7,67.7
802,2506844,2506844,34,46.9,2400030464,0x0,137672,0,4341104,48,20.1,77.0
807,2506844,2506844,34,46.9,2400033792,0x0,78780,0,4345904,49,19.3,73.9
812,2506848,2506848,34,45.8,2400027136,0x0,394020,0,4362184,49,0.1,0.0
817,2506848,2506848,34,45.8,2400027136,0x0,299476,0,4343456,49,21.0,80.0
822,2506848,2506848,34,46.9,2400020480,0x0,220712,0,4347752,49,20.0,77.0
827,2506848,2506848,34,46.9,2400037120,0x0,157644,0,4345416,50,19.4,73.9
832,2506848,2506848,34,46.3,2400033792,0x0,110384,0,4341032,50,18.5,70.8
837,2506852,2506852,34,46.9,2400020480,0x0,94644,0,4340028,50,18.6,70.8
842,2506852,2506852,34,46.9,2400027136,0x0,189736,15632,4345952,51,11.4,43.4
847,2506852,2506852,34,47.4,2400027136,0x0,346752,0,4353920,51,8.0,30.5
852,2506852,2506852,34,46.3,2400027136,0x0,283608,0,4346024,51,19.1,73.9
857,2506852,2506852,34,46.9,2400027136,0x0,220584,0,4351252,52,19.4,73.9
862,2506856,2506856,34,47.4,2400033792,0x0,157576,0,4354240,52,19.1,73.9
868,2506856,2506856,34,46.3,2400023808,0x0,126056,0,4355148,52,19.4,73.9
873,2506856,2506856,34,47.4,2400033792,0x0,63032,0,4345736,53,19.1,73.9
878,2506856,2506856,34,48.0,2400027136,0x0,316948,11672,4346096,53,3.3,12.1
883,2506856,2506856,34,46.3,2400017408,0x0,315216,0,4351696,53,16.0,61.8
888,2506860,2506860,34,46.3,2400020480,0x0,252104,0,4352672,53,19.4,73.9
893,2506860,2506860,34,46.3,2400027136,0x0,204836,0,4349424,54,18.5,70.8
898,2506860,2506860,34,48.0,2400033792,0x0,141812,0,4347168,54,19.3,73.9
903,2506860,2506860,34,47.4,2400027136,0x0,85824,0,4351944,54,20.1,77.0
908,2506860,2506860,34,47.4,2400030464,0x0,173364,7764,4357356,55,12.1,45.7
913,2506864,2506864,34,47.4,2400027136,0x0,362512,0,4358292,55,6.6,25.1
918,2506864,2506864,34,48.0,2400033792,0x0,299488,0,4355684,55,19.4,73.9
923,2506864,2506864,34,47.4,2400030464,0x0,236468,0,4367944,56,19.4,73.9
928,2506864,2506864,34,48.5,2400027136,0x0,173408,0,4361380,56,19.3,73.9
933,2506864,2506864,34,48.5,2400027136,0x0,94544,0,4352092,56,20.0,77.0
939,2506868,2506868,34,49.0,2400030464,0x0,47940,0,4359824,56,19.3,73.9
944,2506868,2506868,34,49.0,2400027136,0x0,338612,15740,4360536,57,1.9,6.4
949,2506868,2506868,34,47.4,2400030464,0x0,331004,0,4344960,57,16.6,64.4
954,2506868,2506868,34,46.9,2400027136,0x0,283756,0,4353512,57,18.5,70.8
959,2506868,2506868,34,48.5,2400027136,0x0,220708,0,4354672,58,19.3,73.9
964,2506872,2506872,34,47.4,2400033792,0x0,394164,80,4354604,58,7.5,27.7
969,2506872,2506872,34,48.5,2400017408,0x0,378280,0,4367380,58,17.1,64.7
974,2506872,2506872,34,49.0,2400037120,0x0,322944,0,4354128,59,19.4,73.9
979,2506872,2506872,34,48.5,2400030464,0x0,173436,0,4351184,59,25.1,95.4
984,2506872,2506872,34,48.5,2400020480,0x0,110408,0,4349424,59,19.3,73.9
989,2506876,2506876,34,49.0,2400030464,0x0,196716,8180,4351420,60,11.9,45.1
994,2506876,2506876,34,48.0,2400033792,0x0,346716,0,4353452,60,8.2,31.9
999,2506876,2506876,34,48.5,2400027136,0x0,267864,0,4353840,60,20.0,77.0
1004,2506876,2506876,34,48.5,2400033792,0x0,204836,0,4355764,60,19.3,73.9
1010,2506876,2506876,34,48.0,2400023808,0x0,157568,0,4378304,61,18.6,70.8
1015,2506880,2506880,34,49.0,2400017408,0x0,126048,0,4349296,61,19.3,73.9
1020,2506880,2506880,34,49.0,2400027136,0x0,78780,0,4348196,61,18.6,70.8
1025,2506880,2506880,34,49.0,2400033792,0x0,309996,12856,4355880,62,4.1,14.9
1030,2506880,2506880,34,48.5,2400030464,0x0,331016,0,4354236,62,15.4,59.0
1035,2506880,2506880,34,49.0,2400033792,0x0,283732,0,4360908,62,18.6,70.8
1040,2506884,2506884,34,47.4,2400027136,0x0,220676,0,4349240,63,19.3,73.9
1045,2506884,2506884,34,49.0,2400027136,0x0,157576,0,4378092,63,19.3,73.9
1050,2506884,2506884,34,47.4,2400033792,0x0,126048,0,4351392,63,19.4,73.9
1055,2506884,2506884,34,49.6,2400027136,0x0,78780,48,4339544,63,18.7,70.8
1060,2506884,2506884,34,49.6,2400037120,0x0,176896,10808,4350112,64,11.5,43.1
1065,2506888,2506888,34,47.4,2400030464,0x0,346772,0,4363708,64,7.3,27.7
1070,2506888,2506888,34,48.5,2400027136,0x0,283720,0,4360508,64,19.3,73.9
1075,2506888,2506888,34,49.0,2400027136,0x0,236460,0,4357384,65,18.6,70.8
1081,2506888,2506888,34,48.5,2400027136,0x0,198700,0,4355488,65,18.6,70.8
1086,2506888,2506888,34,47.4,2400020480,0x0,126124,0,4349248,65,20.9,80.0
1091,2506892,2506892,34,48.0,2400020480,0x0,94536,0,4360240,66,17.6,67.7
1096,2506892,2506892,34,47.4,2400020480,0x0,124224,17748,4344528,66,14.3,54.3
1101,2506892,2506892,34,47.4,2400020480,0x0,259788,8184,4347072,66,9.7,36.5
1106,2506892,2506892,34,48.0,2400037120,0x0,315240,0,4352672,67,13.2,50.8
1111,2506892,2506892,34,46.9,2400030464,0x0,252212,0,4352944,67,19.3,73.9
1116,2506896,2506896,34,46.3,2400023808,0x0,209240,0,4348860,67,18.6,70.8
1121,2506896,2506896,34,47.4,2400030464,0x0,189172,0,4357612,67,18.7,70.8
1126,2506896,2506896,34,48.0,2400033792,0x0,126048,0,4355844,68,19.3,73.9
1131,2506896,2506896,34,48.0,2400037120,0x0,63024,0,4349424,68,19.3,73.9
1136,2506896,2506896,34,46.9,2400020480,0x0,275480,8244,4343912,68,5.3,19.7
1141,2506900,2506900,34,48.0,2400030464,0x0,315256,0,4353108,69,14.0,54.2
1146,2506900,2506900,34,46.9,2400020480,0x0,267860,0,4341984,69,18.5,70.8
1152,2506900,2506900,34,48.0,2400027136,0x0,220592,0,4380668,69,18.8,70.8
1157,2506900,2506900,34,47.4,2400027136,0x0,204828,0,4352912,70,18.4,70.8
1162,2506900,2506900,34,46.9,2400027136,0x0,157560,0,4352864,70,18.6,70.8
1167,2506904,2506904,34,46.3,2400020480,0x0,94536,0,4348880,70,19.4,73.9
1172,2506904,2506904,34,46.9,2400037120,0x0,113756,12408,4347352,70,15.2,57.5
1177,2506904,2506904,34,48.5,2400030464,0x0,244024,12312,4357028,71,9.5,36.4
1182,2506904,2506904,34,45.8,2400023808,0x0,315256,0,4350972,71,12.4,47.7
1187,2506904,2506904,34,47.4,2400020480,0x0,252220,0,4367968,71,19.4,73.9
1192,2506908,2506908,34,46.9,2400033792,0x0,236440,0,4362776,72,18.7,70.8
1197,2506908,2506908,34,48.0,2400033792,0x0,189172,0,4352012,72,18.4,70.8
1202,2506908,2506908,34,45.8,2400020480,0x0,126048,0,4346096,72,19.2,73.9
1207,2506908,2506908,34,45.8,2400030464,0x0,94536,0,4348144,73,17.7,67.7
1212,2506908,2506908,34,47.4,2400033792,0x0,98256,6536,4357804,73,16.2,61.6
1217,2506908,2506908,34,46.3,2400030464,0x0,346764,0,4351496,73,3.4,12.3
1222,2506912,2506912,34,46.9,2400030464,0x0,299472,0,4371316,74,18.4,70.8
1228,2506912,2506912,34,48.0,2400030464,0x0,252208,0,4353356,74,20.2,77.0
1233,2506912,2506912,34,48.0,2400030464,0x0,204936,0,4356160,74,18.6,70.8
1238,2506912,2506912,34,46.3,2400030464,0x0,126152,0,4362152,74,20.3,77.0
1243,2506912,2506912,34,47.4,2400027136,0x0,63132,0,4354608,75,19.2,73.9
1248,2506916,2506916,34,46.9,2400027136,0x0,262004,7508,4355272,75,5.9,22.3
1253,2506916,2506916,34,46.3,2400027136,0x0,315136,0,4355308,75,13.3,51.6
1258,2506916,2506916,34,45.8,2400030464,0x0,283608,0,4358916,76,17.7,67.7
1263,2506916,2506916,34,46.9,2400033792,0x0,252104,0,4353804,76,19.2,73.9
1268,2506916,2506916,34,46.9,2400027136,0x0,220584,0,4351820,76,17.7,67.7
1273,2506920,2506920,34,46.9,2400020480,0x0,173316,0,4352864,77,18.5,70.8
1278,2506920,2506920,34,46.3,2400027136,0x0,94548,0,4350664,77,20.2,77.0
1283,2506920,2506920,34,47.4,2400037120,0x0,78788,0,4349628,77,17.2,64.7
1288,2506920,2506920,34,47.4,2400027136,0x0,63144,7456,4345132,77,17.1,64.9
1293,2506920,2506920,34,46.9,2400017408,0x0,346780,0,4343172,78,1.6,5.9
1299,2506924,2506924,34,46.9,2400030464,0x0,318860,0,4350148,78,18.6,70.8
1304,2506924,2506924,34,46.3,2400027136,0x0,315248,0,4351988,78,16.9,64.7
1309,2506924,2506924,34,46.9,2400030464,0x0,267972,0,4361516,79,18.5,70.8
1314,2506924,2506924,34,46.3,2400027136,0x0,220668,0,4358036,79,43.1,70.8
1319,2506924,2506924,34,45.8,2400030464,0x0,157568,0,4352460,79,47.2,73.9
1324,2506928,2506928,34,48.5,2400033792,0x0,138148,11328,4353248,80,37.2,63.4
1329,2506928,2506928,34,47.4,2400020480,0x0,277576,6288,4361040,80,22.6,35.5
1334,2506928,2506928,34,46.9,2400017408,0x0,352680,0,4359476,80,32.0,48.9
1339,2506928,2506928,34,46.3,2400033792,0x0,315232,0,4352784,81,43.2,73.9
1344,2506928,2506928,34,45.8,2400027136,0x0,283724,0,4354116,81,44.2,67.7
1349,2506932,2506932,34,45.8,2400017408,0x0,220712,0,4357576,81,43.6,73.9
1354,2506932,2506932,34,46.3,2400020480,0x0,157664,136,4345700,81,49.2,73.9
1359,2506932,2506932,34,46.9,2400020480,0x0,160472,13008,4353300,82,36.9,60.1
1364,2506932,2506932,34,46.9,2400023808,0x0,259660,15808,4355168,82,26.8,41.4
1370,2506932,2506932,34,46.9,2400027136,0x0,261568,15832,4348900,82,37.5,64.1
1375,2506936,2506936,34,46.3,2400020480,0x0,322844,15748,4356760,83,33.1,52.6
1380,2506936,2506936,34,45.8,2400027136,0x0,315248,0,4356424,83,42.9,65.1
1385,2506936,2506936,34,46.9,2400030464,0x0,283616,0,4341816,83,39.5,67.7
1390,2506936,2506936,34,47.4,2400020480,0x0,252136,0,4341260,84,44.0,67.7
1395,2506936,2506936,34,47.4,2400027136,0x0,204836,0,4347424,84,41.8,70.8
1400,2506940,2506940,34,46.9,2400023808,0x0,141812,0,4353464,84,48.2,73.9
1405,2506940,2506940,34,45.8,2400033792,0x0,115524,12300,4350860,85,39.8,67.0
1410,2506940,2506940,34,46.9,2400030464,0x0,263752,11768,4349848,85,23.6,37.0
1415,2506940,2506940,34,48.0,2400027136,0x0,338696,23892,4359352,85,30.1,45.4
1420,2506940,2506940,34,46.3,2400030464,0x0,315244,0,4351296,85,42.5,69.2
1425,2506944,2506944,34,46.3,2400033792,0x0,204860,0,4342060,86,53.0,83.1
1430,2506944,2506944,34,47.4,2400027136,0x0,157568,0,4351568,86,43.0,70.8
1436,2506944,2506944,34,48.0,2400030464,0x0,161084,19848,4362716,86,40.5,64.7
1441,2506944,2506944,34,48.5,2400030464,0x0,232352,11716,4351500,87,28.0,48.5
1446,2506944,2506944,34,46.9,2400020480,0x0,354280,15828,4359932,87,24.0,37.7
1451,2506948,2506948,34,47.4,2400030464,0x0,315232,0,4348520,87,46.3,70.8
1456,2506948,2506948,34,47.4,2400027136,0x0,236444,0,4355376,88,47.3,77.0
1461,2506948,2506948,34,46.9,2400033792,0x0,189180,0,4349116,88,46.3,70.8
1466,2506948,2506948,34,46.9,2400030464,0x0,141804,0,4366108,88,42.8,70.8
1471,2506948,2506948,34,48.5,2400027136,0x0,229780,7592,4350856,88,31.4,49.0
1476,2506952,2506952,34,48.0,2400030464,0x0,328980,9564,4356808,89,27.7,43.0
1481,2506952,2506952,34,46.9,2400027136,0x0,322812,15752,4356592,89,35.9,61.2
1486,2506952,2506952,34,46.9,2400027136,0x0,315256,0,4344620,89,41.3,65.4
1491,2506952,2506952,34,48.0,2400030464,0x0,267972,0,4350776,90,43.6,70.8
1496,2506952,2506952,34,49.0,2400030464,0x0,220724,0,4345916,90,44.6,70.8
1501,2506956,2506956,34,48.5,2400027136,0x0,157640,0,4348108,90,45.9,73.9
1507,2506956,2506956,34,49.0,2400020480,0x0,137308,0,4347024,91,44.6,67.7
1512,2506956,2506956,34,48.0,2400027136,0x0,196716,15756,4334300,91,31.7,52.2
1517,2506956,2506956,34,49.0,2400023808,0x0,236500,12728,4337724,91,34.6,54.3
1522,2506956,2506956,34,49.6,2400023808,0x0,268868,14620,4342412,92,36.8,55.7
1527,2506960,2506960,34,48.5,2400030464,0x0,292360,13788,4337608,92,33.5,56.6
1532,2506960,2506960,34,49.0,2400030464,0x0,315260,0,4350728,92,37.9,58.3
1537,2506960,2506960,34,48.0,2400033792,0x0,267984,0,4347924,92,41.8,70.8
1542,2506960,2506960,34,48.5,2400027136,0x0,236340,0,4356460,93,43.2,67.7
1547,2506960,2506960,34,49.0,2400030464,0x0,220584,0,4355672,93,43.1,70.8
1552,2506964,2506964,34,48.0,2400017408,0x0,173424,124,4345844,93,44.5,70.8
1557,2506964,2506964,34,49.6,2400020480,0x0,157560,0,4345092,94,43.0,64.7
1562,2506964,2506964,34,49.6,2400030464,0x0,126048,0,4341856,94,40.5,67.7
1567,2506964,2506964,34,48.0,2400027136,0x0,224052,12288,4346472,94,27.5,41.9
1572,2506964,2506964,34,47.4,2400037120,0x0,310468,12440,4350060,95,27.8,44.0
1578,2506968,2506968,34,49.0,2400030464,0x0,330984,0,4384748,95,37.7,58.8
1583,2506968,2506968,34,48.5,2400020480,0x0,315228,0,4349896,95,45.8,70.8
1588,2506968,2506968,34,48.0,2400033792,0x0,267852,0,4346612,95,43.3,70.8
1593,2506968,2506968,34,47.4,2400030464,0x0,220584,0,4343892,96,44.5,70.8
1598,2506968,2506968,34,48.0,2400033792,0x0,189072,0,4349392,96,40.9,67.7
1603,2506972,2506972,34,46.9,2400020480,0x0,126048,0,4358372,96,46.8,73.9
1608,2506972,2506972,34,48.0,2400037120,0x0,204828,7564,4360988,97,31.2,52.1
1613,2506972,2506972,34,48.0,2400027136,0x0,238244,5844,4349768,97,33.7,54.6
1618,2506972,2506972,34,47.4,2400030464,0x0,265760,9772,4355028,97,35.9,56.7
1623,2506972,2506972,34,48.0,2400030464,0x0,346760,0,4354344,98,28.3,46.0
1628,2506976,2506976,34,47.4,2400030464,0x0,299460,0,4349004,98,45.3,70.8
1633,2506976,2506976,34,46.9,2400020480,0x0,252192,0,4344508,98,44.1,70.8
1638,2506976,2506976,34,48.5,2400023808,0x0,220688,0,4350388,99,43.4,67.7
1644,2506976,2506976,34,47.4,2400030464,0x0,202616,0,4345228,99,44.1,70.8
1649,2506976,2506976,34,46.9,2400033792,0x0,157572,0,4359492,99,44.9,70.8
1654,2506980,2506980,34,48.0,2400030464,0x0,293372,6164,4344464,99,23.0,34.3
1659,2506980,2506980,34,46.3,2400037120,0x0,322792,23948,4349592,100,31.1,53.8
1664,2506980,2506980,34,48.0,2400037120,0x0,331036,0,4352164,100,39.6,62.8
1669,2506980,2506980,34,45.8,2400030464,0x0,283732,0,4354128,100,43.5,70.8
1674,2506980,2506980,34,46.3,2400033792,0x0,189168,0,4355036,101,53.2,80.0
1679,2506984,2506984,34,47.4,2400030464,0x0,174100,0,4360336,101,40.8,67.7
1684,2506984,2506984,34,47.4,2400030464,0x0,174172,6716,4354324,101,41.9,64.7
1689,2506984,2506984,34,48.0,2400030464,0x0,196720,8208,4352124,102,37.9,56.2
1694,2506984,2506984,34,46.9,2400033792,0x0,282340,8832,4350756,102,25.2,45.0
1699,2506984,2506984,34,46.9,2400033792,0x0,309364,13480,4348940,102,36.4,55.9
1704,2506988,2506988,34,45.8,2400020480,0x0,315136,0,4347032,102,37.5,61.6
1709,2506988,2506988,34,46.3,2400020480,0x0,283716,0,4351924,103,43.0,67.7
1715,2506988,2506988,34,47.4,2400033792,0x0,252052,0,4351652,103,44.8,70.8
1720,2506988,2506988,34,48.0,2400030464,0x0,236472,0,4347368,103,41.1,67.7
1725,2506988,2506988,34,46.9,2400020480,0x0,204960,0,4360440,104,42.8,67.7
1730,2506992,2506992,34,46.9,2400033792,0x0,189200,0,4343976,104,38.9,64.7
1735,2506992,2506992,34,46.9,2400037120,0x0,173480,0,4338052,104,40.2,64.7
1740,2506992,2506992,34,46.3,2400017408,0x0,314108,8676,4350304,105,20.4,34.1
1745,2506992,2506992,34,47.4,2400023808,0x0,378260,0,4348552,105,30.8,49.1
1750,2506992,2506992,34,47.4,2400037120,0x0,299376,0,4352500,105,50.1,77.0
1755,2506996,2506996,34,47.4,2400027136,0x0,283616,0,4356900,106,42.4,70.8
1760,2506996,2506996,34,47.4,2400027136,0x0,204836,0,4352168,106,49.2,77.0
1765,2506996,2506996,34,47.4,2400037120,0x0,157568,68,4356416,106,42.7,70.8
1770,2506996,2506996,34,47.4,2400020480,0x0,167324,21752,4359056,106,35.5,56.9
1775,2506996,2506996,34,46.9,2400023808,0x0,189072,15756,4362580,107,35.5,58.3
1780,2506996,2506996,34,46.9,2400023808,0x0,302936,12384,4358896,107,24.1,40.3
1786,2507000,2507000,34,46.3,2400020480,0x0,315236,0,4386800,107,39.3,60.0
1791,2507000,2507000,34,46.9,2400023808,0x0,283716,0,4352028,108,45.9,73.9
1796,2507000,2507000,34,46.3,2400020480,0x0,252220,0,4349204,108,43.9,67.7
1801,2507000,2507000,34,46.9,2400033792,0x0,204836,0,4351264,108,43.0,70.8
1806,2507000,2507000,34,47.4,2400033792,0x0,173324,0,4342148,109,43.0,67.7
1811,2507004,2507004,34,47.4,2400030464,0x0,126116,96,4346780,109,43.3,70.8
1816,2507004,2507004,34,46.9,2400033792,0x0,200116,12448,4350904,109,28.1,45.5
1821,2507004,2507004,34,46.9,2400030464,0x0,237980,7732,4379720,109,36.2,55.9
1826,2507004,2507004,34,47.4,2400033792,0x0,354464,15688,4350256,110,24.7,43.4
1831,2507004,2507004,34,45.8,2400023808,0x0,331020,0,4354412,110,43.8,67.7
1836,2507008,2507008,34,46.9,2400017408,0x0,267980,0,4348276,110,44.2,73.9
1841,2507008,2507008,34,46.9,2400020480,0x0,220692,0,4350368,111,46.8,70.8
1846,2507008,2507008,34,45.8,2400023808,0x0,173400,0,4350528,111,43.8,70.8
1851,2507008,2507008,34,47.4,2400030464,0x0,126140,96,4352956,111,46.1,70.8
1856,2507008,2507008,34,46.3,2400027136,0x0,200488,11608,4373808,112,29.9,47.1
1862,2507012,2507012,34,48.5,2400027136,0x0,245864,8140,4351316,112,33.6,58.1
1867,2507012,2507012,34,47.4,2400033792,0x0,291312,17200,4357260,112,34.6,53.4
1872,2507012,2507012,34,45.2,2400017408,0x0,346776,0,4352424,113,31.5,50.8
1877,2507012,2507012,34,46.9,2400030464,0x0,236476,0,4348832,113,50.3,83.1
1882,2507012,2507012,34,47.4,2400023808,0x0,173436,0,4353608,113,45.3,73.9
1887,2507016,2507016,34,46.9,2400017408,0x0,141884,0,4345340,113,44.3,67.7
1892,2507016,2507016,34,45.8,2400030464,0x0,144348,13436,4366216,114,39.4,59.8
1897,2507016,2507016,34,47.4,2400030464,0x0,196980,8044,4349180,114,35.2,57.6
1902,2507016,2507016,34,46.3,2400027136,0x0,244072,15688,4344992,114,33.6,51.2
1907,2507016,2507016,34,46.9,2400027136,0x0,242876,9220,4354124,115,38.6,63.9
1912,2507020,2507020,34,46.9,2400030464,0x0,166800,14196,4347324,115,48.6,75.4
1917,2507020,2507020,34,47.4,2400027136,0x0,157560,15756,4345356,115,37.2,62.6
1922,2507020,2507020,34,47.4,2400030464,0x0,225792,18208,4339856,116,30.8,47.9
1927,2507020,2507020,34,46.9,2400033792,0x0,267860,7636,4351208,116,34.4,55.3
1933,2507020,2507020,34,45.8,2400037120,0x0,336584,10212,4350560,116,31.6,53.4
1938,2507024,2507024,34,46.9,2400020480,0x0,315248,0,4337004,117,42.2,67.2
1943,2507024,2507024,34,45.8,2400027136,0x0,267972,0,4338416,117,42.0,70.8
1948,2507024,2507024,34,46.9,2400033792,0x0,252096,0,4352720,117,40.0,64.6
1953,2507024,2507024,34,46.3,2400030464,0x0,173320,0,4350296,117,47.9,77.0
1958,2507024,2507024,34,46.3,2400027136,0x0,141804,0,4343432,118,41.0,67.7
1963,2507028,2507028,34,46.3,2400017408,0x0,142376,15200,4355576,118,39.3,59.3
1968,2507028,2507028,34,47.4,2400030464,0x0,183736,5352,4358812,118,35.9,62.0
1973,2507028,2507028,34,46.9,2400033792,0x0,303120,12120,4341576,119,23.0,37.2
1978,2507028,2507028,34,46.9,2400030464,0x0,237764,7020,4344368,119,46.5,74.6
1983,2507028,2507028,34,47.4,2400033792,0x0,291260,15808,4369908,119,31.9,49.3
1988,2507032,2507032,34,45.8,2400033792,0x0,331044,0,4346436,120,38.8,56.4
1993,2507032,2507032,34,46.9,2400017408,0x0,220632,0,4344392,120,48.5,83.1
1998,2507032,2507032,34,46.3,2400027136,0x0,189080,0,4360640,120,43.7,67.7
2004,2507032,2507032,34,47.4,2400027136,0x0,173324,0,4359664,120,41.7,70.8
2009,2507032,2507032,34,46.3,2400037120,0x0,149472,8112,4349092,121,42.1,64.9
2014,2507036,2507036,34,46.9,2400030464,0x0,126060,0,4353560,121,39.9,67.5
2019,2507036,2507036,34,46.9,2400037120,0x0,245272,7120,4346568,121,25.0,38.3
2024,2507036,2507036,34,46.9,2400037120,0x0,330992,15760,4347048,122,27.5,43.0
2029,2507036,2507036,34,45.8,2400033792,0x0,264108,11472,4350128,122,45.3,75.3
2034,2507036,2507036,34,45.8,2400027136,0x0,315256,0,4357024,122,34.7,52.8
2039,2507040,2507040,34,45.8,2400023808,0x0,410412,15688,4359188,123,25.6,44.6
2044,2507040,2507040,34,46.3,2400033792,0x0,409860,7512,4341692,123,36.4,66.0
2049,2507040,2507040,34,47.4,2400020480,0x0,409796,16,4344576,123,38.2,61.8
2054,2507040,2507040,34,46.9,2400033792,0x0,330996,0,4333920,124,46.6,77.0
2059,2507040,2507040,34,46.9,2400020480,0x0,267984,0,4337000,124,47.2,73.9
2064,2507044,2507044,34,46.9,2400033792,0x0,252232,0,4344904,124,38.7,64.7
2069,2507044,2507044,34,46.9,2400037120,0x0,252208,0,4339432,124,44.5,67.7
2075,2507044,2507044,34,48.0,2400033792,0x0,220692,0,4345128,125,42.2,67.7
2080,2507044,2507044,34,47.4,2400030464,0x0,173444,0,4359472,125,45.1,70.8
2085,2507044,2507044,34,47.4,2400023808,0x0,157660,0,4338896,125,40.1,64.7
2090,2507048,2507048,34,46.3,2400027136,0x0,157676,0,4341624,126,38.8,61.6
2095,2507048,2507048,34,48.0,2400027136,0x0,141920,0,4337044,126,42.3,64.7
2100,2507048,2507048,34,48.0,2400027136,0x0,117888,8236,4350172,126,38.0,65.7
2105,2507048,2507048,34,48.0,2400037120,0x0,257072,14044,4357312,127,25.0,39.5
2110,2507048,2507048,34,48.5,2400020480,0x0,244024,8208,4345468,127,38.7,64.7
2115,2507052,2507052,34,48.0,2400027136,0x0,346780,0,4346144,127,26.9,42.6
2120,2507052,2507052,34,46.9,2400033792,0x0,299372,0,4342796,128,46.7,70.8
2125,2507052,2507052,34,48.0,2400030464,0x0,267964,0,4354708,128,39.6,67.7
2130,2507052,2507052,34,48.0,2400037120,0x0,252104,0,4342408,128,41.8,64.6
2136,2507052,2507052,34,47.4,2400030464,0x0,220600,0,4384976,128,40.1,67.7
2141,2507056,2507056,34,48.0,2400033792,0x0,204836,0,4349800,129,45.1,70.8
2146,2507056,2507056,34,48.5,2400023808,0x0,173324,0,4342524,129,40.1,67.7
2151,2507056,2507056,34,49.0,2400027136,0x0,141804,0,4347440,129,43.1,67.7
2156,2507056,2507056,34,47.4,2400030464,0x0,154060,3516,4344540,130,35.5,59.7
2161,2507056,2507056,34,47.4,2400020480,0x0,196688,19848,4342020,130,31.2,51.6
2166,2507060,2507060,34,48.5,2400030464,0x0,246692,5536,4340784,130,34.7,51.8
2171,2507060,2507060,34,49.0,2400033792,0x0,192504,19888,4357000,131,43.1,70.8
2176,2507060,2507060,34,49.6,2400020480,0x0,199348,13172,4345000,131,44.5,67.0
2181,2507060,2507060,34,49.0,2400037120,0x0,267968,23348,4346324,131,28.7,47.2
2186,2507060,2507060,34,48.5,2400027136,0x0,322808,8216,4343480,131,33.5,53.1
2191,2507064,2507064,34,49.0,2400033792,0x0,315236,0,4336612,132,41.4,63.7
2196,2507064,2507064,34,48.5,2400020480,0x0,283728,0,4348196,132,41.3,67.7
2201,2507064,2507064,34,48.5,2400030464,0x0,267960,0,4343908,132,41.0,64.7
2206,2507064,2507064,34,48.5,2400020480,0x0,252212,0,4355300,133,39.3,64.7
2212,2507064,2507064,34,48.0,2400033792,0x0,267956,0,4333756,133,42.0,64.7
2217,2507068,2507068,34,49.6,2400020480,0x0,236348,0,4338204,133,41.6,67.7
2222,2507068,2507068,34,48.5,2400020480,0x0,204836,0,4343200,134,42.0,67.7
2227,2507068,2507068,34,48.0,2400033792,0x0,189148,0,4339904,134,42.4,64.6
2232,2507068,2507068,34,48.0,2400023808,0x0,173316,0,4345800,134,38.7,64.7
2237,2507068,2507068,34,49.0,2400030464,0x0,141804,0,4333432,135,42.5,67.7
2242,2507072,2507072,34,49.0,2400030464,0x0,114532,15444,4351016,135,39.0,65.2
2247,2507072,2507072,34,49.0,2400033792,0x0,331068,22512,4347416,135,14.6,24.4
2252,2507072,2507072,34,49.0,2400030464,0x0,338700,15696,4339404,135,39.9,61.1
2257,2507072,2507072,34,48.5,2400027136,0x0,331032,0,4350608,136,38.3,64.9
2262,2507072,2507072,34,48.5,2400033792,0x0,283740,0,4347312,136,45.5,70.8
2267,2507076,2507076,34,49.0,2400037120,0x0,283732,0,4344320,136,36.9,61.6
2272,2507076,2507076,34,48.0,2400027136,0x0,252212,0,4354268,137,42.7,67.7
2277,2507076,2507076,34,46.9,2400033792,0x0,196832,23856,4338456,137,43.3,69.0
2283,2507076,2507076,34,48.5,2400037120,0x0,350228,4152,4344760,137,25.0,41.5
2288,2507076,2507076,34,47.4,2400017408,0x0,362672,0,4366860,138,38.6,58.9
2293,2507080,2507080,34,48.5,2400037120,0x0,283768,0,4350572,138,45.8,77.0
2298,2507080,2507080,34,48.5,2400020480,0x0,252228,0,4349896,138,43.7,67.7
2303,2507080,2507080,34,48.5,2400033792,0x0,252228,0,4331132,138,35.9,61.6
2308,2507080,2507080,34,48.0,2400017408,0x0,409856,0,4365476,139,17.0,30.8
2313,2507080,2507080,34,48.5,2400030464,0x0,220692,7616,4355460,139,62.1,104.2
2318,2507084,2507084,34,48.0,2400037120,0x0,247672,12060,4348672,139,37.9,55.9
2323,2507084,2507084,34,48.5,2400020480,0x0,196760,23932,4336292,140,45.2,68.9
2328,2507084,2507084,34,48.0,2400033792,0x0,192636,11116,4334244,140,40.8,65.6
2333,2507084,2507084,34,48.5,2400020480,0x0,250196,8244,4343632,140,32.4,50.2
2338,2507084,2507084,34,46.9,2400033792,0x0,290140,9324,4351656,141,31.3,54.0
2343,2507084,2507084,34,48.0,2400023808,0x0,315148,0,4361320,141,36.8,56.9
2349,2507088,2507088,34,46.9,2400027136,0x0,330112,0,4350492,141,41.0,64.7
2354,2507088,2507088,34,48.5,2400023808,0x0,283616,0,4345920,142,42.7,70.8
2359,2507088,2507088,34,48.0,2400037120,0x0,252104,0,4355996,142,43.1,67.7
2364,2507088,2507088,34,46.9,2400020480,0x0,236348,0,4351384,142,39.1,64.7
2369,2507088,2507088,34,48.0,2400037120,0x0,220596,0,4349984,142,40.9,64.7
2374,2507092,2507092,34,46.9,2400020480,0x0,189080,0,4345116,143,40.9,67.7
2379,2507092,2507092,34,47.4,2400033792,0x0,157572,0,4348100,143,42.0,67.7
2384,2507092,2507092,34,48.0,2400020480,0x0,161348,0,4337512,143,39.3,64.7
2389,2507092,2507092,34,47.4,2400033792,0x0,144196,23140,4358100,144,41.6,66.3
2394,2507092,2507092,34,48.0,2400030464,0x0,174740,13044,4351908,144,36.1,57.1
2399,2507096,2507096,34,47.4,2400033792,0x0,135852,11748,4340320,144,39.9,67.5
2404,2507096,2507096,34,46.9,2400027136,0x0,202284,2676,4348376,145,32.0,49.8
2409,2507096,2507096,34,48.0,2400023808,0x0,212516,8192,4366976,145,36.4,59.2
2415,2507096,2507096,34,47.4,2400033792,0x0,299488,9192,4361524,145,31.4,51.2
2420,2507096,2507096,34,46.3,2400023808,0x0,338552,8208,4341504,146,35.6,52.9
2425,2507100,2507100,34,48.0,2400027136,0x0,315264,0,4357996,146,39.4,67.2
2430,2507100,2507100,34,47.4,2400027136,0x0,236456,0,4343140,146,51.5,77.0
2435,2507100,2507100,34,47.4,2400030464,0x0,204944,0,4347408,146,40.3,67.7
2440,2507100,2507100,34,45.8,2400017408,0x0,189180,0,4346152,147,43.6,64.7
2445,2507100,2507100,34,47.4,2400020480,0x0,157668,0,4365332,147,40.7,67.7
2450,2507104,2507104,34,48.5,2400033792,0x0,157676,0,4266916,147,44.5,67.7
2455,2507104,2507104,34,48.0,2400017408,0x0,411416,14012,4353744,148,6.4,10.4
2460,2507104,2507104,34,47.4,2400030464,0x0,322808,8328,4350540,148,47.4,79.4
2465,2507104,2507104,34,46.9,2400020480,0x0,315252,0,4343172,148,42.1,64.2
2470,2507104,2507104,34,46.9,2400030464,0x0,299500,0,4336876,149,38.2,64.7
2475,2507108,2507108,34,47.4,2400030464,0x0,283736,0,4332532,149,41.1,64.7
2480,2507108,2507108,34,47.4,2400023808,0x0,252236,0,4360888,149,40.0,67.7
2486,2507108,2507108,34,47.4,2400030464,0x0,252224,0,4352380,149,43.6,67.7
2491,2507108,2507108,34,47.4,2400020480,0x0,252232,0,4354096,150,38.7,61.6
2496,2507108,2507108,34,47.4,2400033792,0x0,267980,0,4340036,150,35.0,58.5
2501,2507112,2507112,34,47.4,2400027136,0x0,252228,0,4340220,150,41.9,64.7
2506,2507112,2507112,34,46.9,2400037120,0x0,252116,0,4343264,151,37.1,61.6
2511,2507112,2507112,34,45.8,2400030464,0x0,252108,0,4354316,151,38.3,61.6
2516,2507112,2507112,34,46.3,2400037120,0x0,220592,0,4354164,151,45.0,73.9
2521,2507112,2507112,34,47.4,2400020480,0x0,189072,0,4350428,152,42.4,67.7
2526,2507116,2507116,34,46.9,2400027136,0x0,126048,7564,4347176,152,44.0,73.2
2531,2507116,2507116,34,47.4,2400017408,0x0,133612,23996,4349544,152,36.1,57.7
2536,2507116,2507116,34,47.4,2400030464,0x0,186032,10688,4340048,153,33.4,53.9
2541,2507116,2507116,34,46.3,2400037120,0x0,199936,12580,4354480,153,35.6,58.0
2547,2507116,2507116,34,46.9,2400027136,0x0,362520,0,4350720,153,19.1,31.3
2552,2507120,2507120,34,46.3,2400027136,0x0,283680,0,4371336,153,54.8,83.1
2557,2507120,2507120,34,47.4,2400037120,0x0,236344,0,4347048,154,42.2,70.8
2562,2507120,2507120,34,46.9,2400033792,0x0,189072,0,4347720,154,46.1,70.8
2567,2507120,2507120,34,45.8,2400020480,0x0,189608,7140,4343108,154,35.7,61.6
2572,2507120,2507120,34,46.9,2400033792,0x0,394032,0,4346844,155,13.2,21.6
2577,2507124,2507124,34,46.9,2400027136,0x0,315220,0,4359360,155,47.4,77.0
2582,2507124,2507124,34,46.9,2400027136,0x0,220688,0,4371828,155,50.6,80.0
2587,2507124,2507124,34,46.9,2400027136,0x0,157692,0,4343296,156,49.5,80.1
2592,2507124,2507124,34,47.4,2400033792,0x0,267968,15772,4370636,156,22.8,38.1
2597,2507124,2507124,34,46.9,2400033792,0x0,394044,0,4337824,156,26.8,38.9
2602,2507128,2507128,34,46.3,2400020480,0x0,283740,0,4346420,156,49.8,83.1
2607,2507128,2507128,34,46.3,2400033792,0x0,220676,0,4351232,157,48.8,73.9
2612,2507128,2507128,34,46.9,2400033792,0x0,245896,13780,4338748,157,31.9,55.3
2617,2507128,2507128,34,45.8,2400030464,0x0,394052,0,4364988,157,21.3,34.1
2623,2507128,2507128,34,46.9,2400037120,0x0,346656,23320,4351364,158,42.8,73.4
2628,2507132,2507132,34,46.3,2400033792,0x0,402292,23240,4349392,158,27.6,51.3
2633,2507132,2507132,34,46.9,2400030464,0x0,393924,7564,4214724,158,41.3,65.2
2638,2507132,2507132,34,47.4,2400027136,0x0,204960,15772,4346696,159,58.3,97.2
2643,2507132,2507132,34,46.9,2400030464,0x0,246028,6184,4356528,159,36.7,54.9
2648,2507132,2507132,34,46.9,2400023808,0x0,165372,23816,4354948,159,44.5,74.9
2653,2507136,2507136,34,47.4,2400027136,0x0,346772,0,4361108,160,19.5,29.6
2658,2507136,2507136,34,47.4,2400017408,0x0,315280,0,4352568,160,47.2,73.9
2663,2507136,2507136,34,47.4,2400030464,0x0,283752,0,4348484,160,40.6,67.8
2668,2507136,2507136,34,47.4,2400017408,0x0,283616,0,4349960,160,38.6,61.6
2673,2507136,2507136,34,46.3,2400037120,0x0,252232,0,4350112,161,40.9,67.7
2678,2507140,2507140,34,45.8,2400027136,0x0,228164,15808,4330680,161,40.0,64.4
2683,2507140,2507140,34,45.2,2400027136,0x0,130856,18524,4333208,161,50.0,81.0
2688,2507140,2507140,34,45.8,2400033792,0x0,110300,0,4348928,162,43.5,67.1
2694,2507140,2507140,34,46.9,2400037120,0x0,126056,0,4337220,162,39.2,64.7
2699,2507140,2507140,34,47.4,2400017408,0x0,173324,7564,4336504,162,32.2,52.8
2704,2507144,2507144,34,46.9,2400027136,0x0,409792,0,4343576,163,10.2,15.0
2709,2507144,2507144,34,45.8,2400033792,0x0,299380,0,4338212,163,52.2,83.1
2714,2507144,2507144,34,46.3,2400020480,0x0,236348,0,4336320,163,45.9,73.9
2719,2507144,2507144,34,46.9,2400037120,0x0,157572,0,4362736,163,47.3,77.0
2724,2507144,2507144,34,48.0,2400030464,0x0,126056,0,4349552,164,42.1,67.7
2729,2507148,2507148,34,47.4,2400020480,0x0,157568,0,4332360,164,39.0,61.6
2734,2507148,2507148,34,47.4,2400027136,0x0,141812,0,4338104,164,38.5,64.7
2739,2507148,2507148,34,47.4,2400023808,0x0,126128,44,4357088,165,44.5,64.7
2744,2507148,2507148,34,47.4,2400023808,0x0,217616,7244,4346632,165,24.9,44.2
2749,2507148,2507148,34,45.8,2400033792,0x0,198776,6164,4358060,165,42.5,65.1
2754,2507152,2507152,34,47.4,2400030464,0x0,222848,5480,4332504,166,33.9,56.3
2759,2507152,2507152,34,46.3,2400033792,0x0,206108,7444,4340020,166,39.2,65.2
2765,2507152,2507152,34,47.4,2400027136,0x0,369408,0,4336484,166,23.3,33.9
2770,2507152,2507152,34,48.0,2400030464,0x0,267968,0,4365780,167,50.8,83.1
2775,2507152,2507152,34,48.0,2400030464,0x0,236452,0,4339664,167,45.3,67.7
2780,2507156,2507156,34,46.9,2400027136,0x0,236480,0,4343532,167,36.1,61.6
2785,2507156,2507156,34,48.5,2400033792,0x0,204912,0,4362336,167,44.4,67.7
2790,2507156,2507156,34,48.0,2400027136,0x0,173428,0,4348496,168,40.9,67.7
2795,2507156,2507156,34,48.0,2400030464,0x0,141908,0,4328044,168,44.8,67.7
2800,2507156,2507156,34,46.9,2400033792,0x0,149760,0,4328216,168,40.1,61.6
2805,2507160,2507160,34,46.9,2400027136,0x0,157684,0,4346744,169,40.2,64.7
2810,2507160,2507160,34,46.9,2400020480,0x0,149492,8192,4354532,169,40.7,63.2
2815,2507160,2507160,34,47.4,2400033792,0x0,126156,0,4343912,169,40.9,66.1
2820,2507160,2507160,34,48.0,2400030464,0x0,144480,13164,4359400,170,35.8,56.1
2825,2507160,2507160,34,48.0,2400027136,0x0,116020,10136,4333604,170,42.0,68.2
2830,2507164,2507164,34,49.0,2400033792,0x0,110396,0,4343168,170,40.8,63.5
2836,2507164,2507164,34,48.5,2400017408,0x0,412260,0,4347448,171,4.2,6.9
2841,2507164,2507164,34,48.5,2400030464,0x0,322864,15704,4342100,171,48.4,78.9
2846,2507164,2507164,34,47.4,2400033792,0x0,331004,0,4360388,171,38.8,62.1
2851,2507164,2507164,34,48.0,2400030464,0x0,283732,0,4337352,171,45.3,70.8
2856,2507164,2507164,34,48.5,2400033792,0x0,299496,0,4348012,172,34.2,58.5
2861,2507168,2507168,34,47.4,2400020480,0x0,283744,0,4351976,172,41.0,64.7
2866,2507168,2507168,34,48.5,2400033792,0x0,204964,0,4343264,172,46.1,77.0
2871,2507168,2507168,34,48.5,2400033792,0x0,200032,0,4349792,173,41.3,64.7
2876,2507168,2507168,34,50.1,2400037120,0x0,204836,0,4343412,173,38.8,64.6
2881,2507168,2507168,34,48.0,2400020480,0x0,189072,0,4344364,173,40.9,64.7
2886,2507172,2507172,34,49.6,2400027136,0x0,189080,0,4348812,174,37.6,61.6
2891,2507172,2507172,34,49.0,2400027136,0x0,173316,0,4349184,174,40.2,64.7
2896,2507172,2507172,34,49.0,2400027136,0x0,157560,0,4341260,174,42.3,64.7
2901,2507172,2507172,34,48.5,2400037120,0x0,157560,0,4352964,174,35.7,61.6
2907,2507172,2507172,34,49.0,2400037120,0x0,141804,0,4345580,175,41.8,64.7
2912,2507176,2507176,34,48.0,2400027136,0x0,157652,72,4348300,175,37.5,64.7
2917,2507176,2507176,34,50.1,2400033792,0x0,157560,0,4343228,175,39.5,61.6
2922,2507176,2507176,34,49.0,2400030464,0x0,189076,0,4339176,176,32.8,55.4
2927,2507176,2507176,34,48.5,2400027136,0x0,189072,0,4357048,176,39.3,61.6
2932,2507176,2507176,34,49.0,2400033792,0x0,126048,7564,4342040,176,46.5,73.7
2937,2507180,2507180,34,49.6,2400030464,0x0,126048,0,4339408,177,36.0,61.8
2942,2507180,2507180,34,48.0,2400020480,0x0,126048,0,4369500,177,39.5,61.6
2947,2507180,2507180,34,48.5,2400023808,0x0,141804,140,4347924,177,37.6,64.7
2952,2507180,2507180,34,49.0,2400033792,0x0,394112,15852,4334256,178,6.2,10.3
2957,2507180,2507180,34,49.6,2400033792,0x0,310724,12224,4323960,178,50.1,79.1
2962,2507184,2507184,34,49.0,2400033792,0x0,268044,23256,4338624,178,38.7,66.8
2967,2507184,2507184,34,49.0,2400027136,0x0,315256,0,4341940,178,36.1,56.4
2972,2507184,2507184,34,48.0,2400023808,0x0,267988,0,4344288,179,42.2,70.8
2977,2507184,2507184,34,49.0,2400023808,0x0,267992,0,4362660,179,38.8,61.6
2983,2507184,2507184,34,48.0,2400037120,0x0,283620,0,4338112,179,38.2,64.7
2988,2507188,2507188,34,47.4,2400037120,0x0,283768,0,4340948,180,39.0,61.6
2993,2507188,2507188,34,49.6,2400037120,0x0,268000,0,4333000,180,40.8,64.7
2998,2507188,2507188,34,48.5,2400033792,0x0,283616,0,4352480,180,34.5,58.5
3003,2507188,2507188,34,48.0,2400023808,0x0,283620,0,4341460,181,38.4,61.6
3008,2507188,2507188,34,47.4,2400037120,0x0,283616,0,4363212,181,36.9,61.6
3013,2507192,2507192,34,47.4,2400037120,0x0,267852,0,4354352,181,44.4,70.8
3018,2507192,2507192,34,48.5,2400020480,0x0,283608,0,4340412,181,36.3,58.5
3023,2507192,2507192,34,48.0,2400037120,0x0,267852,0,4331820,182,39.5,64.7
3028,2507192,2507192,34,48.5,2400030464,0x0,252208,0,4349448,182,43.4,64.7
3033,2507192,2507192,34,48.0,2400020480,0x0,220592,0,4337540,182,39.6,67.8
3038,2507196,2507196,34,46.9,2400033792,0x0,173440,84,4341892,183,46.3,70.8
3043,2507196,2507196,34,48.0,2400033792,0x0,126048,136,4375136,183,41.7,70.8
3049,2507196,2507196,34,48.5,2400027136,0x0,229352,7144,4345740,183,31.2,47.6
3054,2507196,2507196,34,47.4,2400020480,0x0,405556,4252,4345240,184,18.6,26.9
3059,2507196,2507196,34,48.5,2400030464,0x0,315264,0,4348364,184,47.2,79.6
3064,2507200,2507200,34,48.0,2400030464,0x0,252224,0,4344432,184,48.8,73.9
3069,2507200,2507200,34,48.0,2400023808,0x0,252580,0,4341308,185,36.6,61.6
3074,2507200,2507200,34,46.3,2400027136,0x0,267972,0,4335244,185,39.0,58.5
3079,2507200,2507200,34,46.9,2400033792,0x0,283736,0,4356952,185,34.3,58.5
3084,2507200,2507200,34,46.9,2400027136,0x0,241032,11204,4335408,185,48.3,75.7
3089,2507204,2507204,34,47.4,2400020480,0x0,220704,15728,4332104,186,38.8,65.0
3094,2507204,2507204,34,47.4,2400030464,0x0,244028,14844,4341612,186,37.8,58.3
3099,2507204,2507204,34,47.4,2400037120,0x0,362512,0,4343988,186,24.4,38.2
3104,2507204,2507204,34,47.4,2400027136,0x0,267980,0,4339756,187,49.9,80.1
3109,2507204,2507204,34,46.9,2400020480,0x0,267968,0,4335556,187,39.5,61.6
3114,2507208,2507208,34,47.4,2400033792,0x0,267988,0,4323532,187,36.3,61.6
3120,2507208,2507208,34,45.8,2400020480,0x0,312184,8140,4259072,188,38.2,59.5
3125,2507208,2507208,34,47.4,2400033792,0x0,291412,15692,4350236,188,39.6,62.4
3130,2507208,2507208,34,46.9,2400030464,0x0,275608,8140,4330324,188,39.4,66.6
3135,2507208,2507208,34,45.8,2400030464,0x0,129516,12288,4335604,188,56.9,89.3
3140,2507212,2507212,34,46.9,2400030464,0x0,171312,9568,4329172,189,32.6,54.2
3145,2507212,2507212,34,47.4,2400030464,0x0,165276,15756,4322904,189,38.9,60.6
3150,2507212,2507212,34,46.3,2400020480,0x0,378260,0,4356600,189,14.2,23.0
3155,2507212,2507212,34,47.4,2400020480,0x0,299372,0,4336640,190,50.2,83.1
3160,2507212,2507212,34,47.4,2400033792,0x0,283616,0,4340184,190,41.7,64.7
3165,2507216,2507216,34,47.4,2400017408,0x0,181004,8132,4332744,190,47.3,80.8
3170,2507216,2507216,34,45.8,2400037120,0x0,189080,0,4328972,191,39.7,60.9
3175,2507216,2507216,34,46.9,2400030464,0x0,220592,0,4338296,191,32.3,55.4
3181,2507216,2507216,34,46.3,2400027136,0x0,237976,0,4335232,191,36.2,58.5
3186,2507216,2507216,34,47.4,2400030464,0x0,260376,15696,4355200,192,38.7,60.8
3191,2507220,2507220,34,47.4,2400030464,0x0,141936,7432,4333724,192,54.6,86.7
3196,2507220,2507220,34,47.4,2400030464,0x0,110292,0,4340376,192,41.8,68.0
3201,2507220,2507220,34,47.4,2400027136,0x0,126048,0,4327000,192,36.2,58.5
3206,2507220,2507220,34,46.3,2400030464,0x0,141804,0,4329868,193,38.4,58.5
3211,2507220,2507220,34,45.2,2400033792,0x0,189072,0,4336496,193,30.2,52.4
3216,2507224,2507224,34,46.9,2400033792,0x0,236452,0,4344108,193,35.3,52.3
3221,2507224,2507224,34,48.0,2400030464,0x0,180996,23848,4328480,194,44.7,75.5
3226,2507224,2507224,34,46.9,2400020480,0x0,141804,0,4347156,194,45.7,72.3
3231,2507224,2507224,34,47.4,2400037120,0x0,126164,76,4326288,194,37.8,64.7
3236,2507224,2507224,34,46.3,2400037120,0x0,126048,0,4333748,195,39.4,61.6
3241,2507228,2507228,34,48.0,2400030464,0x0,157660,0,4329960,195,36.0,55.4
3246,2507228,2507228,34,46.3,2400033792,0x0,220692,0,4320760,195,27.9,49.3
3252,2507228,2507228,34,48.5,2400023808,0x0,252200,0,4378584,195,35.8,55.4
3257,2507228,2507228,34,48.5,2400030464,0x0,228280,15808,4341380,196,41.4,70.8
3262,2507228,2507228,34,48.0,2400027136,0x0,259772,15808,4336244,196,34.9,54.7
3267,2507232,2507232,34,46.3,2400020480,0x0,193268,11676,4334120,196,48.3,75.8
3272,2507232,2507232,34,49.6,2400017408,0x0,192668,12496,4361068,197,36.2,60.4
3277,2507232,2507232,34,48.5,2400020480,0x0,137820,12228,4337616,197,48.1,75.2
3282,2507232,2507232,34,47.4,2400020480,0x0,123200,68,4232936,197,42.7,69.5
3287,2507232,2507232,34,48.5,2400023808,0x0,157684,0,4346940,198,36.4,55.4
3292,2507236,2507236,34,48.5,2400020480,0x0,157644,0,4332452,198,37.9,61.6
3297,2507236,2507236,34,46.9,2400030464,0x0,189224,0,4327956,198,34.5,55.4
3302,2507236,2507236,34,48.0,2400020480,0x0,409916,92,4350176,199,11.5,18.5
3307,2507236,2507236,34,49.0,2400037120,0x0,394180,0,4342964,199,36.2,64.7
3312,2507236,2507236,34,49.0,2400030464,0x0,315168,15756,4337772,199,43.5,74.9
3318,2507240,2507240,34,48.0,2400030464,0x0,359404,8156,4334552,199,39.4,60.8
3323,2507240,2507240,34,49.0,2400037120,0x0,248152,19800,4332436,200,49.6,81.4
3328,2507240,2507240,34,49.0,2400027136,0x0,146444,3076,4352480,200,52.0,83.3
3333,2507240,2507240,34,47.4,2400020480,0x0,141928,15756,4333484,200,38.9,61.4
3338,2507240,2507240,34,49.0,2400033792,0x0,126132,7604,4353196,201,42.9,66.1
3343,2507244,2507244,34,48.5,2400030464,0x0,378384,0,4341548,201,4.9,12.3
3348,2507244,2507244,34,48.5,2400020480,0x0,409792,0,4314148,201,31.6,55.5
3353,2507244,2507244,34,48.0,2400030464,0x0,425360,7304,4347080,202,38.5,62.6
3358,2507244,2507244,34,47.4,2400033792,0x0,212624,8064,4355088,202,63.4,103.9
3363,2507244,2507244,34,48.0,2400037120,0x0,126236,84,4329444,202,50.1,79.8
3368,2507248,2507248,34,46.9,2400033792,0x0,126164,0,4338308,203,39.5,61.6
3373,2507248,2507248,34,48.0,2400023808,0x0,158184,15224,4345416,203,35.7,53.6
3378,2507248,2507248,34,48.0,2400030464,0x0,94652,0,4320800,203,44.7,75.7
3383,2507248,2507248,34,47.4,2400027136,0x0,157704,0,4332704,203,32.6,49.3
3389,2507248,2507248,34,47.4,2400037120,0x0,230480,0,4333496,204,29.8,52.4
3394,2507252,2507252,34,46.3,2400020480,0x0,236476,0,4346204,204,39.5,61.6
3399,2507252,2507252,34,46.9,2400020480,0x0,220724,0,4341240,204,41.0,64.7
3404,2507252,2507252,34,47.4,2400020480,0x0,236472,0,4344816,205,35.6,58.5
3409,2507252,2507252,34,47.4,2400033792,0x0,252108,0,4329880,205,36.6,58.5
3414,2507252,2507252,34,47.4,2400037120,0x0,409872,132,4347068,205,17.6,30.8
3419,2507252,2507252,34,47.4,2400033792,0x0,393920,120,4338980,206,36.7,64.7
3424,2507256,2507256,34,47.4,2400030464,0x0,364372,0,4345620,206,43.4,70.8
3429,2507256,2507256,34,46.9,2400027136,0x0,267916,124,4332296,206,47.9,83.1
3434,2507256,2507256,34,47.4,2400020480,0x0,200508,4320,4344668,206,47.4,74.7
3439,2507256,2507256,34,46.9,2400033792,0x0,165216,15692,4343620,207,40.5,66.4
3444,2507256,2507256,34,46.9,2400033792,0x0,126048,0,4343184,207,45.4,71.3
3449,2507260,2507260,34,46.9,2400033792,0x0,126048,0,4342732,207,37.0,61.6
3454,2507260,2507260,34,46.9,2400030464,0x0,141804,0,4333868,208,36.6,58.5
3460,2507260,2507260,34,46.9,2400020480,0x0,340364,15748,4331684,208,13.9,22.2
3465,2507260,2507260,34,47.4,2400033792,0x0,189072,15844,4337684,208,58.9,96.4
3470,2507260,2507260,34,46.9,2400027136,0x0,126048,0,4334000,209,47.5,75.4
3475,2507264,2507264,34,46.9,2400020480,0x0,189144,0,4331936,209,29.8,49.3
3480,2507264,2507264,34,46.9,2400020480,0x0,220692,0,4335708,209,35.4,55.4
3485,2507264,2507264,34,48.0,2400027136,0x0,252204,0,4329940,210,35.1,55.4
3490,2507264,2507264,34,46.9,2400027136,0x0,283872,0,4339636,210,34.0,55.4
3495,2507264,2507264,34,46.9,2400030464,0x0,63024,0,4342592,210,65.2,104.7
3500,2507268,2507268,34,46.3,2400030464,0x0,157664,0,4330520,210,31.0,49.3
3505,2507268,2507268,34,45.2,2400023808,0x0,204940,0,4339360,211,35.4,52.4
3510,2507268,2507268,34,45.2,2400017408,0x0,252228,0,4342112,211,30.5,52.4
3515,2507268,2507268,34,45.2,2400020480,0x0,283740,0,4340160,211,35.5,55.4
3520,2507268,2507268,34,44.6,2400020480,0x0,252236,0,4338580,212,39.8,67.7
3525,2507272,2507272,34,45.2,2400030464,0x0,134904,14560,4358360,212,52.1,82.8
3531,2507272,2507272,34,47.4,2400027136,0x0,104124,15756,4326784,212,41.4,68.1
3536,2507272,2507272,34,48.0,2400020480,0x0,409876,0,4341652,213,6.2,9.3
3541,2507272,2507272,34,46.9,2400027136,0x0,409764,7564,4350068,213,36.0,61.1
3546,2507272,2507272,34,47.4,2400033792,0x0,394076,0,4340120,213,37.0,65.1
3551,2507276,2507276,34,46.3,2400027136,0x0,313584,9212,4350632,213,49.3,77.2
3556,2507276,2507276,34,46.9,2400037120,0x0,394132,0,4335460,214,29.9,46.0
3561,2507276,2507276,34,46.9,2400020480,0x0,283628,0,4349160,214,48.7,83.1
3566,2507276,2507276,34,47.4,2400030464,0x0,189080,0,4359824,214,50.4,80.1
3571,2507276,2507276,34,46.9,2400037120,0x0,307160,24012,4362068,215,24.7,42.1
3576,2507280,2507280,34,46.3,2400020480,0x0,237736,6332,4334708,215,49.1,77.5
3581,2507280,2507280,34,48.0,2400020480,0x0,259668,11300,4332140,215,36.0,57.6
3586,2507280,2507280,34,47.4,2400037120,0x0,204840,23456,4328448,216,44.5,69.6
3591,2507280,2507280,34,46.3,2400017408,0x0,120140,13480,4329920,216,49.4,79.1
3596,2507280,2507280,34,48.0,2400020480,0x0,94656,132,4333976,216,43.7,68.2
3602,2507284,2507284,34,48.0,2400027136,0x0,126056,136,4360776,217,34.3,55.4
3607,2507284,2507284,34,48.5,2400020480,0x0,189088,0,4346284,217,33.1,55.4
3612,2507284,2507284,34,48.0,2400030464,0x0,220592,0,4342208,217,34.8,55.4
3617,2507284,2507284,34,46.3,2400030464,0x0,212392,8192,4336780,217,37.8,62.6
3622,2507284,2507284,34,47.4,2400030464,0x0,205164,7228,4342312,218,40.5,63.0
3627,2507288,2507288,34,47.4,2400020480,0x0,346756,0,4325800,218,24.8,34.6
3632,2507288,2507288,34,48.0,2400030464,0x0,393920,0,4319900,218,27.3,52.4
3637,2507288,2507288,34,48.0,2400033792,0x0,394088,16,4368472,219,35.1,61.6
3642,2507288,2507288,34,48.0,2400020480,0x0,261248,13116,4325476,219,57.5,94.2
3647,2507288,2507288,34,46.9,2400037120,0x0,133624,8208,4334264,219,57.7,85.2
3652,2507292,2507292,34,46.9,2400020480,0x0,110300,0,4325576,220,39.0,67.0
3657,2507292,2507292,34,46.9,2400030464,0x0,394040,0,4322368,220,4.0,6.2
3662,2507292,2507292,34,47.4,2400030464,0x0,409792,28,4326904,220,34.1,58.5
3668,2507292,2507292,34,47.4,2400020480,0x0,400076,124,4333668,220,35.9,64.7
3673,2507292,2507292,34,48.5,2400030464,0x0,399608,23252,4340076,221,40.4,64.6
3678,2507296,2507296,34,48.5,2400020480,0x0,236448,16296,4332284,221,57.6,95.8
3683,2507296,2507296,34,47.4,2400020480,0x0,252228,15772,4338664,221,36.7,56.4
3688,2507296,2507296,34,48.0,2400020480,0x0,346772,0,4334508,222,28.6,45.0
3693,2507296,2507296,34,48.5,2400030464,0x0,236464,0,4360556,222,51.7,83.1
3698,2507296,2507296,34,48.0,2400020480,0x0,252212,0,4330608,222,42.1,64.7
3703,2507300,2507300,34,48.5,2400020480,0x0,244016,8208,4332328,223,38.6,61.6
3708,2507300,2507300,34,49.6,2400017408,0x0,275592,8164,4333384,223,34.7,56.4
3713,2507300,2507300,34,49.0,2400037120,0x0,119288,14412,4335496,223,54.8,90.5
3718,2507300,2507300,34,48.5,2400037120,0x0,160172,13272,4327896,224,34.7,54.5
3723,2507300,2507300,34,49.0,2400020480,0x0,94672,0,4335512,224,46.7,75.7
3728,2507304,2507304,34,49.6,2400027136,0x0,126188,0,4337876,224,35.7,55.4
3734,2507304,2507304,34,49.0,2400027136,0x0,425888,7104,4334208,224,4.2,8.6
3739,2507304,2507304,34,49.6,2400020480,0x0,370084,15808,4339516,225,40.3,71.1
3744,2507304,2507304,34,48.5,2400037120,0x0,252244,0,4332308,225,55.4,86.7
3749,2507304,2507304,34,48.0,2400030464,0x0,409880,68,4342328,225,18.3,30.8
3754,2507308,2507308,34,49.0,2400037120,0x0,180984,9380,4341800,226,63.9,106.3
3759,2507308,2507308,34,49.0,2400020480,0x0,126160,0,4327064,226,44.8,72.3
3764,2507308,2507308,34,48.0,2400030464,0x0,137812,11688,4334164,226,36.8,57.8
3769,2507308,2507308,34,49.6,2400023808,0x0,125124,0,4326408,227,44.6,71.5
3774,2507308,2507308,34,48.5,2400030464,0x0,173412,0,4334172,227,34.2,52.4
3779,2507312,2507312,34,49.6,2400030464,0x0,204928,0,4339352,227,36.2,55.4
3784,2507312,2507312,34,50.7,2400020480,0x0,378184,15736,4328696,228,14.9,26.8
3789,2507312,2507312,34,49.6,2400023808,0x0,409944,0,4340812,228,29.9,56.4
3794,2507312,2507312,34,48.0,2400017408,0x0,299412,0,4340744,228,51.9,83.1
3799,2507312,2507312,34,49.6,2400033792,0x0,157672,0,4338484,228,53.5,89.3
3805,2507316,2507316,34,48.5,2400020480,0x0,155720,0,4338484,229,46.1,67.7
3810,2507316,2507316,34,47.4,2400020480,0x0,157676,0,4331864,229,37.1,61.6
3815,2507316,2507316,34,49.6,2400027136,0x0,189156,0,4334436,229,37.4,55.4
3820,2507316,2507316,34,47.4,2400020480,0x0,220712,0,4331596,230,32.2,55.4
3825,2507316,2507316,34,49.0,2400027136,0x0,236472,0,4336548,230,37.1,58.5
3830,2507320,2507320,34,49.0,2400020480,0x0,196660,8332,4346752,230,41.6,69.0
3835,2507320,2507320,34,48.0,2400033792,0x0,126156,7564,4328428,231,49.4,75.5
3840,2507320,2507320,34,49.0,2400020480,0x0,142008,120,4332716,231,41.9,64.9
3845,2507320,2507320,34,48.5,2400030464,0x0,157672,0,4359208,231,35.1,58.5
3850,2507320,2507320,34,46.9,2400020480,0x0,141912,0,4334312,231,42.2,64.7
3855,2507324,2507324,34,48.5,2400020480,0x0,157668,0,4339120,232,34.6,58.5
3860,2507324,2507324,34,46.9,2400030464,0x0,189208,0,4340696,232,36.1,55.4
3865,2507324,2507324,34,48.0,2400030464,0x0,220712,0,4338788,232,34.6,55.4
3871,2507324,2507324,34,48.0,2400033792,0x0,252244,0,4370924,233,32.9,55.4
3876,2507324,2507324,34,46.9,2400027136,0x0,307104,15704,4335272,233,35.2,54.7
3881,2507328,2507328,34,48.0,2400020480,0x0,204968,15812,4340696,233,49.4,81.8
3886,2507328,2507328,34,48.0,2400027136,0x0,238516,5496,4344256,234,36.7,56.5
3891,2507328,2507328,34,48.0,2400020480,0x0,206852,5684,4331592,234,41.5,67.9
3896,2507328,2507328,34,48.0,2400037120,0x0,110404,16,4327384,234,51.4,80.9
3901,2507328,2507328,34,47.4,2400033792,0x0,141928,0,4349856,235,34.3,55.4
3906,2507332,2507332,34,47.4,2400033792,0x0,141908,0,4366352,235,38.0,61.6
3911,2507332,2507332,34,48.0,2400030464,0x0,204956,0,4340268,235,35.4,55.4
3916,2507332,2507332,34,47.4,2400027136,0x0,217168,11100,4332768,235,33.1,57.6
3921,2507332,2507332,34,47.4,2400030464,0x0,224176,19800,4334900,236,39.1,60.1
3926,2507332,2507332,34,47.4,2400017408,0x0,117920,23884,4330952,236,51.2,81.0
3931,2507336,2507336,34,45.8,2400033792,0x0,94640,16,4319164,236,43.6,69.2
3936,2507336,2507336,34,47.4,2400020480,0x0,141804,0,4333180,237,32.1,52.3
3941,2507336,2507336,34,45.8,2400020480,0x0,173316,0,4359996,237,33.5,55.4
3947,2507336,2507336,34,46.9,2400030464,0x0,220584,0,4339496,237,37.8,58.5
3952,2507336,2507336,34,46.3,2400030464,0x0,252100,0,4358408,238,32.7,55.4
3957,2507340,2507340,34,46.3,2400020480,0x0,409812,16,4238780,238,16.1,30.8
3962,2507340,2507340,34,46.9,2400030464,0x0,393912,0,4330296,238,36.5,64.7
3967,2507340,2507340,34,47.4,2400027136,0x0,346764,0,4335740,238,38.7,70.8
3972,2507340,2507340,34,45.8,2400023808,0x0,236356,0,4334104,239,50.8,83.1
3977,2507340,2507340,34,46.3,2400037120,0x0,220584,0,4353812,239,37.6,64.7
3982,2507344,2507344,34,47.4,2400033792,0x0,420300,12944,4297416,239,14.8,28.0
3987,2507344,2507344,34,46.9,2400023808,0x0,346700,23252,4322564,240,42.8,73.4
3992,2507344,2507344,34,46.3,2400017408,0x0,152432,5144,4317288,240,62.9,102.6
3997,2507344,2507344,34,46.3,2400033792,0x0,133692,15816,4328828,240,36.6,62.4
4002,2507344,2507344,34,45.8,2400037120,0x0,176472,12712,4335876,241,35.2,54.6
4007,2507344,2507344,34,46.3,2400027136,0x0,126048,84,4355672,241,45.9,73.2
4012,2507348,2507348,34,46.9,2400033792,0x0,157684,0,4360436,241,33.1,55.4
4018,2507348,2507348,34,46.3,2400027136,0x0,252212,0,4329020,242,32.9,49.3
4023,2507348,2507348,34,47.4,2400020480,0x0,409664,15756,4336532,242,15.7,28.8
4028,2507348,2507348,34,47.4,2400023808,0x0,196804,8228,4339116,242,61.8,104.5
4033,2507348,2507348,34,46.9,2400020480,0x0,270524,16056,4337232,242,28.5,45.7
4038,2507352,2507352,34,46.3,2400033792,0x0,126056,0,4324116,243,56.3,92.1
4043,2507352,2507352,34,46.9,2400033792,0x0,189184,0,4319620,243,32.2,49.3
4048,2507352,2507352,34,46.3,2400033792,0x0,236468,0,4349028,243,31.1,52.4
4053,2507352,2507352,34,46.9,2400033792,0x0,212588,15624,4330292,244,43.1,70.1
4058,2507352,2507352,34,45.2,2400020480,0x0,149496,8192,4317888,244,46.1,75.3
4063,2507356,2507356,34,45.8,2400030464,0x0,110440,7120,4318564,244,44.7,70.2
4068,2507356,2507356,34,45.2,2400020480,0x0,141924,0,4320916,245,33.8,55.4
4073,2507356,2507356,34,45.2,2400033792,0x0,189208,0,4343116,245,33.6,52.4
4078,2507356,2507356,34,45.8,2400027136,0x0,173432,0,4324368,245,42.2,64.7
4083,2507356,2507356,34,45.2,2400027136,0x0,204960,0,4343476,245,33.2,55.4
4089,2507360,2507360,34,46.9,2400027136,0x0,268148,0,4326188,246,34.6,55.4
4094,2507360,2507360,34,47.4,2400017408,0x0,173496,23304,4319908,246,45.9,76.7
4099,2507360,2507360,34,45.8,2400033792,0x0,110408,0,4315548,246,49.8,77.2
4104,2507360,2507360,34,46.9,2400033792,0x0,126164,0,4323608,247,36.4,58.5
4109,2507360,2507360,34,48.0,2400033792,0x0,157676,0,4319764,247,36.8,55.4
4114,2507364,2507364,34,45.8,2400033792,0x0,189196,0,4341276,247,36.4,55.4
4119,2507364,2507364,34,45.8,2400033792,0x0,204964,0,4356260,248,33.9,58.5
4124,2507364,2507364,34,47.4,2400030464,0x0,415400,10212,4337520,248,14.3,26.2
4129,2507364,2507364,34,47.4,2400033792,0x0,409808,15688,4334416,248,36.8,60.8
4134,2507364,2507364,34,46.9,2400020480,0x0,331020,84,4334288,249,43.5,79.3
4139,2507368,2507368,34,48.0,2400020480,0x0,228176,15808,4327572,249,49.0,79.1
4144,2507368,2507368,34,46.3,2400020480,0x0,259676,15756,4330128,249,32.3,56.7
4149,2507368,2507368,34,47.4,2400020480,0x0,117856,8208,4336344,249,59.5,89.0
4154,2507368,2507368,34,47.4,2400030464,0x0,94592,108,4339428,250,39.1,67.7
4160,2507368,2507368,34,48.0,2400033792,0x0,173324,68,4351096,250,34.7,52.4
4165,2507372,2507372,34,48.0,2400030464,0x0,204836,0,4348180,250,32.1,55.4
4170,2507372,2507372,34,46.3,2400033792,0x0,252212,0,4352256,251,34.6,52.3
4175,2507372,2507372,34,48.0,2400033792,0x0,220592,0,4330672,251,42.9,67.8
4180,2507372,2507372,34,48.0,2400017408,0x0,236468,0,4347868,251,36.2,58.5
4185,2507372,2507372,34,46.9,2400027136,0x0,236448,0,4331700,252,39.5,61.6
4190,2507376,2507376,34,47.4,2400023808,0x0,252208,0,4338936,252,34.8,58.5
4195,2507376,2507376,34,48.5,2400033792,0x0,426232,15068,4342068,252,18.1,32.7
4200,2507376,2507376,34,48.0,2400027136,0x0,394016,15772,4341884,253,41.1,66.6
4205,2507376,2507376,34,48.0,2400027136,0x0,378156,0,4341292,253,40.0,67.0
4210,2507376,2507376,34,48.0,2400030464,0x0,220720,0,4337112,253,58.8,92.3
4215,2507380,2507380,34,47.4,2400030464,0x0,236468,0,4331936,253,35.5,58.5
4220,2507380,2507380,34,47.4,2400033792,0x0,220700,0,4331308,254,41.1,64.7
4225,2507380,2507380,34,49.0,2400030464,0x0,236416,15688,4333952,254,32.4,56.0
4231,2507380,2507380,34,47.4,2400033792,0x0,136784,100,4334624,254,55.3,88.8
4236,2507380,2507380,34,48.5,2400020480,0x0,141804,0,4339088,255,36.9,61.6
4241,2507384,2507384,34,48.5,2400030464,0x0,157560,0,4341064,255,36.3,58.5
4246,2507384,2507384,34,48.0,2400027136,0x0,189168,0,4349992,255,37.7,55.4
4251,2507384,2507384,34,47.4,2400033792,0x0,220696,0,4337076,256,32.6,55.4
4256,2507384,2507384,34,46.9,2400030464,0x0,252212,0,4322760,256,35.7,55.4
4261,2507384,2507384,34,48.0,2400037120,0x0,409668,0,4335764,256,19.3,30.8
4266,2507388,2507388,34,48.5,2400030464,0x0,409280,0,4329828,256,34.5,64.6
4271,2507388,2507388,34,48.5,2400017408,0x0,378156,0,4346548,257,44.0,70.8
4276,2507388,2507388,34,49.0,2400030464,0x0,267988,136,4354376,257,47.7,83.1
4281,2507388,2507388,34,47.4,2400027136,0x0,157704,7420,4324376,257,54.2,82.4
4286,2507388,2507388,34,47.4,2400020480,0x0,189184,0,4338664,258,32.9,56.1
4291,2507392,2507392,34,49.0,2400020480,0x0,220668,0,4334556,258,36.9,55.4
4296,2507392,2507392,34,48.0,2400023808,0x0,409704,112,4334420,258,14.6,24.7
4302,2507392,2507392,34,49.0,2400030464,0x0,408248,80,4345000,259,35.8,64.7
4307,2507392,2507392,34,48.5,2400020480,0x0,306928,15756,4333156,259,50.9,82.4
4312,2507392,2507392,34,49.0,2400037120,0x0,315276,0,4333144,259,36.9,62.3
4317,2507396,2507396,34,48.0,2400030464,0x0,393912,68,4329088,260,29.8,46.2
4322,2507396,2507396,34,49.0,2400030464,0x0,394052,0,4336100,260,35.2,61.6
4327,2507396,2507396,34,46.9,2400033792,0x0,409800,0,4359940,260,33.6,58.5
4332,2507396,2507396,34,48.0,2400027136,0x0,331020,0,4358280,260,51.5,83.1
4337,2507396,2507396,34,48.5,2400033792,0x0,220704,0,4334764,261,51.2,83.1
4342,2507400,2507400,34,48.0,2400033792,0x0,220696,0,4338024,261,40.8,61.6
4347,2507400,2507400,34,46.9,2400030464,0x0,283724,0,4338860,261,29.4,49.3
4352,2507400,2507400,34,47.4,2400033792,0x0,409776,164,4337764,262,22.6,37.0
4357,2507400,2507400,34,48.0,2400023808,0x0,394056,0,4358840,262,36.5,64.7
4362,2507400,2507400,34,47.4,2400030464,0x0,378300,0,4343844,262,37.6,64.7
4368,2507404,2507404,34,48.5,2400027136,0x0,299504,0,4329664,263,52.0,83.1
4373,2507404,2507404,34,48.5,2400027136,0x0,252216,0,4326328,263,42.6,70.8
4378,2507404,2507404,34,48.0,2400033792,0x0,252200,23320,4334300,263,37.1,58.0
4383,2507404,2507404,34,46.3,2400033792,0x0,189072,0,4330352,263,47.1,77.5
4388,2507404,2507404,34,46.9,2400033792,0x0,220752,0,4335096,264,34.8,55.4
4393,2507408,2507408,34,47.4,2400033792,0x0,189188,15812,4346416,264,40.1,64.7
4398,2507408,2507408,34,47.4,2400033792,0x0,151816,23400,4332132,264,43.2,68.7
4403,2507408,2507408,34,47.4,2400020480,0x0,126160,0,4333776,265,48.2,76.1
4408,2507408,2507408,34,48.0,2400033792,0x0,189196,0,4328860,265,30.4,49.3
4413,2507408,2507408,34,47.4,2400027136,0x0,236360,0,4328752,265,34.2,52.3
4418,2507412,2507412,34,47.4,2400020480,0x0,252096,0,4328708,266,33.9,58.5
4423,2507412,2507412,34,47.4,2400020480,0x0,204544,11696,4328632,266,44.3,70.8
4428,2507412,2507412,34,46.3,2400030464,0x0,229688,15908,4338832,266,33.3,56.2
4433,2507412,2507412,34,47.4,2400037120,0x0,165132,8192,4332428,267,49.1,74.1
4439,2507412,2507412,34,46.9,2400023808,0x0,391248,0,4260604,267,16.7,23.6
4444,2507416,2507416,34,46.3,2400037120,0x0,409684,8008,4360572,267,31.5,58.8
4449,2507416,2507416,34,45.8,2400033792,0x0,204848,0,4339716,267,66.6,101.3
4454,2507416,2507416,34,46.9,2400027136,0x0,236348,0,4358784,268,32.1,55.4
4459,2507416,2507416,34,48.0,2400033792,0x0,220592,0,4338676,268,42.2,64.7
4464,2507416,2507416,34,46.9,2400023808,0x0,267984,7672,4327288,268,30.9,51.1
4469,2507420,2507420,34,46.3,2400037120,0x0,126056,0,4341116,269,55.8,90.5
4474,2507420,2507420,34,46.9,2400020480,0x0,202776,0,4261644,269,32.8,52.4
4479,2507420,2507420,34,45.8,2400030464,0x0,220696,0,4346472,269,35.7,58.5
4484,2507420,2507420,34,46.3,2400033792,0x0,252212,0,4342480,270,35.9,55.4
4489,2507420,2507420,34,46.3,2400020480,0x0,409676,0,4328316,270,17.1,30.8
4494,2507424,2507424,34,45.2,2400030464,0x0,394016,0,4326516,270,35.3,64.6
4499,2507424,2507424,34,46.3,2400027136,0x0,346660,0,4320964,270,43.1,70.8
4504,2507424,2507424,34,45.2,2400030464,0x0,236480,0,4347652,271,49.6,83.1
4510,2507424,2507424,34,47.4,2400020480,0x0,263068,10576,4249092,271,37.9,60.6
4515,2507424,2507424,34,46.9,2400033792,0x0,173428,0,4336096,271,49.5,81.0
4520,2507424,2507424,34,46.9,2400033792,0x0,189192,0,4331712,272,37.9,58.5
4525,2507428,2507428,34,45.8,2400037120,0x0,409672,0,4339960,272,10.9,18.5
4530,2507428,2507428,34,45.2,2400033792,0x0,394024,0,4348444,272,35.5,64.6
4535,2507428,2507428,34,45.8,2400033792,0x0,307444,7692,4330196,273,47.5,77.5
4540,2507428,2507428,34,47.4,2400020480,0x0,283720,15856,4372544,273,37.0,66.2
4545,2507428,2507428,34,46.9,2400037120,0x0,189196,0,4334220,273,57.5,87.2
4550,2507432,2507432,34,47.4,2400017408,0x0,236452,0,4336880,274,30.7,52.4
4555,2507432,2507432,34,46.9,2400027136,0x0,252196,0,4344220,274,38.0,58.5
4560,2507432,2507432,34,46.9,2400030464,0x0,220688,7564,4320824,274,41.4,66.8
4565,2507432,2507432,34,48.0,2400030464,0x0,97728,22380,4328128,274,54.4,84.9
4570,2507432,2507432,34,47.4,2400027136,0x0,110292,0,4332168,275,35.7,60.8
4576,2507436,2507436,34,46.9,2400027136,0x0,157668,0,4355160,275,33.6,52.3
4581,2507436,2507436,34,48.0,2400030464,0x0,242004,6512,4353584,275,34.1,51.5
4586,2507436,2507436,34,46.9,2400033792,0x0,94536,0,4329396,276,54.0,90.2
4591,2507436,2507436,34,46.3,2400027136,0x0,147516,10240,4318508,276,34.1,50.8
4596,2507436,2507436,34,48.5,2400020480,0x0,110392,15756,4340108,276,41.0,67.2
4601,2507440,2507440,34,48.0,2400027136,0x0,126156,0,4333868,277,40.1,60.6
4606,2507440,2507440,34,47.4,2400020480,0x0,157640,0,4320620,277,34.2,55.4
4611,2507440,2507440,34,46.9,2400030464,0x0,157660,0,4335800,277,40.0,61.6
4616,2507440,2507440,34,49.0,2400020480,0x0,376828,9192,4350768,278,14.8,25.5
4621,2507440,2507440,34,49.0,2400027136,0x0,189192,8788,4337520,278,58.5,96.7
4626,2507444,2507444,34,48.0,2400030464,0x0,195576,9368,4332348,278,39.4,60.2
4631,2507444,2507444,34,46.3,2400033792,0x0,110392,0,4336388,278,47.5,79.3
4636,2507444,2507444,34,48.5,2400030464,0x0,157648,0,4332072,279,34.7,52.4
4641,2507444,2507444,34,47.4,2400020480,0x0,204960,0,4336056,279,32.7,52.4
4646,2507444,2507444,34,48.0,2400027136,0x0,165232,8208,4338372,279,40.4,68.7
4652,2507448,2507448,34,48.5,2400027136,0x0,176864,12296,4338236,280,42.3,64.9
4657,2507448,2507448,34,48.5,2400030464,0x0,111536,6436,4330496,280,46.1,75.0
4662,2507448,2507448,34,47.4,2400030464,0x0,126156,0,4340972,280,37.6,59.3
4667,2507448,2507448,34,48.5,2400020480,0x0,157688,0,4343728,281,33.2,55.4
4672,2507448,2507448,34,48.0,2400033792,0x0,173424,0,4329504,281,36.2,58.5
4677,2507452,2507452,34,48.5,2400037120,0x0,204952,0,4335072,281,35.5,55.4
4682,2507452,2507452,34,46.9,2400030464,0x0,161112,12192,4341708,281,40.6,68.4
4687,2507452,2507452,34,48.5,2400030464,0x0,162068,18812,4326312,282,43.3,66.9
4692,2507452,2507452,34,48.5,2400020480,0x0,110420,16,4347240,282,47.6,74.1
4697,2507452,2507452,34,48.5,2400027136,0x0,157560,0,4345848,282,32.4,52.3
4702,2507456,2507456,34,49.0,2400020480,0x0,157560,0,4335436,283,37.0,61.6
4707,2507456,2507456,34,46.9,2400020480,0x0,204828,0,4332108,283,32.3,52.4
4712,2507456,2507456,34,48.5,2400037120,0x0,220584,0,4342644,283,38.1,58.5
4717,2507456,2507456,34,46.9,2400030464,0x0,173316,0,4367092,284,41.7,70.8
4723,2507456,2507456,34,48.5,2400027136,0x0,252096,0,4328208,284,33.7,52.4
4728,2507460,2507460,34,49.0,2400027136,0x0,275732,7992,4350388,284,35.0,57.5
4733,2507460,2507460,34,47.4,2400020480,0x0,196636,8208,4343700,285,48.0,75.2
4738,2507460,2507460,34,49.0,2400023808,0x0,103156,22892,4336088,285,48.7,77.5
4743,2507460,2507460,34,49.6,2400030464,0x0,110292,0,4337472,285,40.4,63.9
4748,2507460,2507460,34,48.5,2400027136,0x0,126048,0,4331212,285,36.3,58.5
4753,2507464,2507464,34,48.5,2400030464,0x0,189072,0,4361316,286,28.5,49.3
4758,2507464,2507464,34,49.6,2400033792,0x0,252208,0,4334880,286,37.4,55.4
4763,2507464,2507464,34,49.0,2400023808,0x0,252328,15620,4323680,286,35.3,59.3
4768,2507464,2507464,34,49.0,2400037120,0x0,198688,8964,4335312,287,50.1,74.8
4773,2507464,2507464,34,48.5,2400027136,0x0,118260,15360,4329736,287,44.4,73.9
4778,2507468,2507468,34,47.4,2400033792,0x0,110300,0,4336328,287,42.5,66.1
4783,2507468,2507468,34,47.4,2400030464,0x0,157560,0,4345704,288,33.3,52.4
4789,2507468,2507468,34,49.6,2400033792,0x0,157664,0,4362368,288,37.5,61.6
4794,2507468,2507468,34,48.5,2400033792,0x0,252208,0,4335972,288,32.6,49.3
4799,2507468,2507468,34,48.5,2400030464,0x0,283708,0,4338188,288,34.6,55.4
4804,2507472,2507472,34,48.5,2400023808,0x0,211540,9160,4330856,289,46.7,75.3
4809,2507472,2507472,34,49.0,2400027136,0x0,95068,15232,4329900,289,50.1,83.0
4814,2507472,2507472,34,49.0,2400037120,0x0,110300,0,4329240,289,37.7,60.3
4819,2507472,2507472,34,49.0,2400027136,0x0,394020,0,4323568,290,3.8,6.2
4824,2507472,2507472,34,47.4,2400023808,0x0,315136,15756,4350424,290,42.9,75.2
4829,2507476,2507476,34,50.7,2400033792,0x0,361484,8644,4326188,290,36.1,60.2
4834,2507476,2507476,34,48.5,2400020480,0x0,190492,14344,4331632,291,58.7,93.3
4839,2507476,2507476,34,49.0,2400027136,0x0,409956,148,4330936,291,12.6,20.8
4844,2507476,2507476,34,48.5,2400020480,0x0,222528,11440,4329120,291,60.5,97.0
4849,2507476,2507476,34,49.0,2400020480,0x0,346776,0,4325344,292,22.1,38.5
4854,2507480,2507480,34,49.0,2400030464,0x0,409896,0,4336104,292,27.3,49.3
4859,2507480,2507480,34,48.0,2400033792,0x0,394024,0,4375144,292,40.4,64.7
4865,2507480,2507480,34,48.5,2400020480,0x0,425652,7616,4339656,292,32.7,60.3
4870,2507480,2507480,34,49.6,2400030464,0x0,362536,0,4359584,293,47.8,75.1
4875,2507480,2507480,34,49.6,2400027136,0x0,252248,0,4331004,293,48.1,83.1
4880,2507484,2507484,34,49.0,2400033792,0x0,173436,0,4327812,293,51.4,77.0
4885,2507484,2507484,34,48.5,2400027136,0x0,189200,0,4335268,294,33.7,58.5
4890,2507484,2507484,34,49.0,2400023808,0x0,220592,0,4353092,294,35.8,55.4
4895,2507484,2507484,34,48.0,2400033792,0x0,409796,0,4344032,294,13.0,24.6
4900,2507484,2507484,34,48.0,2400037120,0x0,345612,16792,4348312,295,43.9,77.5
4905,2507488,2507488,34,49.0,2400037120,0x0,255280,4396,4335160,295,53.4,81.7
4910,2507488,2507488,34,49.0,2400023808,0x0,224040,12300,4345280,295,40.0,67.1
4915,2507488,2507488,34,48.0,2400020480,0x0,94536,0,4336604,295,58.9,87.8
4920,2507488,2507488,34,48.5,2400037120,0x0,126056,0,4339956,296,33.3,55.4
4925,2507488,2507488,34,48.5,2400030464,0x0,409796,68,4336480,296,3.9,6.2
4930,2507492,2507492,34,48.0,2400030464,0x0,346776,7512,4343720,296,43.9,74.2
4936,2507492,2507492,34,48.5,2400030464,0x0,371076,7224,4340356,297,35.7,61.9
4941,2507492,2507492,34,48.0,2400037120,0x0,394024,15772,4318724,297,33.9,55.3
4946,2507492,2507492,34,47.4,2400037120,0x0,341480,5204,4332416,297,45.3,73.6
4951,2507492,2507492,34,48.0,2400027136,0x0,362516,0,4336424,298,38.1,58.3
4956,2507496,2507496,34,46.9,2400020480,0x0,252116,0,4332660,298,50.1,83.1
4961,2507496,2507496,34,48.0,2400020480,0x0,409804,68,4325576,298,16.0,30.8
4966,2507496,2507496,34,46.9,2400027136,0x0,393912,0,4346288,299,38.9,64.7
4971,2507496,2507496,34,48.0,2400020480,0x0,378288,0,4332240,299,40.9,70.8
4976,2507496,2507496,34,48.0,2400033792,0x0,267860,15756,4339948,299,51.2,81.1
4981,2507500,2507500,34,46.9,2400020480,0x0,220612,0,4338912,299,42.5,72.9
4986,2507500,2507500,34,48.0,2400027136,0x0,218352,9824,4323464,300,39.0,61.3
4991,2507500,2507500,34,46.3,2400023808,0x0,110372,16860,4301524,300,49.2,82.6
4996,2507500,2507500,34,45.8,2400020480,0x0,96476,13860,4330984,300,39.1,63.2
5001,2507500,2507500,34,46.9,2400027136,0x0,157560,0,4341544,301,30.1,51.6
5007,2507504,2507504,34,45.8,2400020480,0x0,267540,0,4341340,301,29.8,46.2
5012,2507504,2507504,34,46.9,2400020480,0x0,409672,7564,4346020,301,19.0,34.5
5017,2507504,2507504,34,45.8,2400033792,0x0,394112,7496,4322224,302,34.5,64.0
5022,2507504,2507504,34,45.8,2400037120,0x0,362404,0,4347964,302,41.2,67.8
5027,2507504,2507504,34,46.9,2400023808,0x0,252220,0,4322224,302,50.6,83.1
5032,2507504,2507504,34,45.8,2400027136,0x0,204844,23372,4320672,302,41.4,67.5
5037,2507508,2507508,34,45.2,2400020480,0x0,394040,0,4337728,303,17.3,28.0
5042,2507508,2507508,34,48.0,2400033792,0x0,376148,32,4334372,303,38.0,70.8
5047,2507508,2507508,34,47.4,2400033792,0x0,368228,15700,4323956,303,37.5,62.1
5052,2507508,2507508,34,45.8,2400030464,0x0,189172,0,4326904,304,59.1,98.0
5057,2507508,2507508,34,45.2,2400020480,0x0,173432,0,4324992,304,43.8,64.7
5062,2507512,2507512,34,46.3,2400027136,0x0,189184,0,4343992,304,35.0,58.5
5067,2507512,2507512,34,46.9,2400020480,0x0,157664,0,4329248,305,45.1,67.7
5072,2507512,2507512,34,45.8,2400027136,0x0,189188,0,4326868,305,34.1,55.4
5078,2507512,2507512,34,46.3,2400037120,0x0,243204,0,4328652,305,35.0,55.9
5083,2507512,2507512,34,45.8,2400017408,0x0,126176,7616,4335444,306,53.0,84.7
5088,2507516,2507516,34,45.2,2400030464,0x0,126136,0,4318160,306,38.0,62.6
5093,2507516,2507516,34,45.2,2400023808,0x0,157672,0,4321512,306,36.0,55.4
5098,2507516,2507516,34,45.2,2400033792,0x0,204956,0,4325500,306,30.8,52.4
5103,2507516,2507516,34,45.8,2400030464,0x0,220712,0,4330096,307,37.5,58.5
5108,2507516,2507516,34,46.3,2400027136,0x0,101064,9392,4333468,307,50.1,83.1
5113,2507520,2507520,34,45.8,2400027136,0x0,118048,15720,4328828,307,41.5,64.1
5118,2507520,2507520,34,46.3,2400033792,0x0,157664,0,4326320,308,36.4,56.0
5123,2507520,2507520,34,46.3,2400020480,0x0,409868,16,4345324,308,5.8,12.3
5128,2507520,2507520,34,45.8,2400030464,0x0,251756,15816,4334308,308,55.4,92.6
5133,2507520,2507520,34,46.3,2400027136,0x0,409880,0,4323740,309,19.7,30.5
5138,2507524,2507524,34,46.3,2400027136,0x0,299384,0,4333136,309,49.5,83.1
5143,2507524,2507524,34,45.2,2400020480,0x0,299500,0,4341156,309,39.6,61.6
5149,2507524,2507524,34,46.9,2400017408,0x0,215040,4,4333816,310,50.1,83.1
5154,2507524,2507524,34,47.4,2400030464,0x0,204836,0,4339528,310,40.8,64.6
5159,2507524,2507524,34,45.8,2400027136,0x0,236348,0,4337260,310,33.6,55.4
5164,2507528,2507528,34,46.3,2400033792,0x0,283620,0,4333304,310,32.0,52.4
5169,2507528,2507528,34,46.9,2400017408,0x0,409800,12,4316888,311,21.9,37.0
5174,2507528,2507528,34,47.4,2400027136,0x0,378164,0,4331064,311,36.7,67.8
5179,2507528,2507528,34,46.9,2400023808,0x0,311112,4124,4320920,311,46.8,74.7
5184,2507528,2507528,34,47.4,2400017408,0x0,195692,9616,4328096,312,54.0,89.1
5189,2507532,2507532,34,47.4,2400023808,0x0,126060,0,4321300,312,51.3,76.4
5194,2507532,2507532,34,47.4,2400030464,0x0,173324,0,4328500,312,30.2,52.4
5199,2507532,2507532,34,46.3,2400027136,0x0,165172,15768,4312704,313,38.4,60.5
5204,2507532,2507532,34,48.0,2400030464,0x0,94544,0,4331384,313,47.9,78.1
5209,2507532,2507532,34,46.9,2400033792,0x0,157568,0,4339072,313,32.0,49.3
5214,2507536,2507536,34,48.0,2400030464,0x0,409784,0,4355580,313,7.6,12.3
5220,2507536,2507536,34,47.4,2400027136,0x0,383864,0,4332484,314,37.8,70.8
5225,2507536,2507536,34,47.4,2400017408,0x0,322800,15808,4328088,314,44.4,73.2
5230,2507536,2507536,34,48.5,2400027136,0x0,338464,8208,4352596,314,34.7,60.7
5235,2507536,2507536,34,47.4,2400033792,0x0,378296,15772,4331476,315,30.2,51.4
5240,2507540,2507540,34,45.8,2400030464,0x0,244172,8412,4324004,315,56.9,89.0
5245,2507540,2507540,34,47.4,2400033792,0x0,208404,12304,4332112,315,42.3,69.7
5250,2507540,2507540,34,46.9,2400017408,0x0,94544,0,4322532,316,53.1,84.0
5255,2507540,2507540,34,48.0,2400027136,0x0,174848,0,4326720,316,30.8,49.3
5260,2507540,2507540,34,48.5,2400027136,0x0,236492,0,4337604,316,33.3,52.4
5265,2507544,2507544,34,48.0,2400033792,0x0,267984,0,4330856,317,33.5,55.4
5270,2507544,2507544,34,48.0,2400027136,0x0,409728,80,4323408,317,20.0,33.9
5275,2507544,2507544,34,46.9,2400037120,0x0,409816,88,4333212,317,36.0,61.6
5280,2507544,2507544,34,47.4,2400027136,0x0,362404,0,4334540,317,41.8,70.8
5285,2507544,2507544,34,47.4,2400020480,0x0,252220,0,4334924,318,50.8,83.1
5291,2507548,2507548,34,48.0,2400033792,0x0,230628,0,4331588,318,42.0,67.7
5296,2507548,2507548,34,48.5,2400027136,0x0,267892,15756,4341088,318,35.3,56.8
5301,2507548,2507548,34,46.9,2400033792,0x0,394076,15756,4330848,319,23.3,37.3
5306,2507548,2507548,34,47.4,2400033792,0x0,393908,7564,4335104,319,32.0,62.1
5311,2507548,2507548,34,46.9,2400033792,0x0,385808,8192,4347740,319,37.1,63.3
5316,2507552,2507552,34,48.0,2400030464,0x0,197832,7012,4346708,320,60.7,98.3
5321,2507552,2507552,34,49.6,2400023808,0x0,102212,15808,4329724,320,51.3,78.3
5326,2507552,2507552,34,49.0,2400027136,0x0,129260,0,4323120,320,36.1,59.7
5331,2507552,2507552,34,48.5,2400020480,0x0,189176,0,4342692,320,36.4,55.4
5336,2507552,2507552,34,48.0,2400027136,0x0,220700,0,4329724,321,33.4,55.4
5341,2507556,2507556,34,48.5,2400033792,0x0,409672,0,4337136,321,13.8,24.7
5346,2507556,2507556,34,48.5,2400030464,0x0,394140,80,4332048,321,39.3,64.6
5351,2507556,2507556,34,47.4,2400027136,0x0,315200,68,4331192,322,43.1,77.0
5356,2507556,2507556,34,48.5,2400037120,0x0,268008,15756,4329300,322,41.6,69.1
5362,2507556,2507556,34,49.0,2400027136,0x0,173436,0,4364216,322,49.9,81.7
5367,2507560,2507560,34,48.5,2400020480,0x0,189168,0,4339792,323,42.4,64.7
5372,2507560,2507560,34,48.5,2400020480,0x0,362532,7440,4332408,323,16.6,27.1
5377,2507560,2507560,34,48.5,2400027136,0x0,394040,0,4341276,323,33.0,56.1
5382,2507560,2507560,34,48.5,2400023808,0x0,394140,0,4338308,324,34.5,61.6
5387,2507560,2507560,34,48.5,2400027136,0x0,394028,136,4329692,324,33.8,61.6
5392,2507560,2507560,34,49.0,2400030464,0x0,173412,15772,4336640,324,63.7,102.1
5397,2507560,2507560,34,48.0,2400020480,0x0,165352,18576,4369224,324,39.8,65.7
5402,2507560,2507560,34,49.6,2400030464,0x0,409956,15688,4343232,325,12.6,19.1
5407,2507560,2507560,34,49.0,2400033792,0x0,315276,0,4600360,325,50.6,81.1
