index,status,pps_anchor_ns,planned_ns,trigger_ns,retrieved_ns,retrieval_latency_us,interval_ms,cam0_frame_id,cam1_frame_id,cam0_dev_ts,cam1_dev_ts,dev_skew_us
1,0,1787614866004103913,1787614866004103913,1787614866004114876,1787614866057846903,53732,0,722,724,7450003022232,7449993166280,9855.95
2,0,1787614866004103913,1787614866504103913,1787614866504161766,1787614866557974033,53812.3,500.047,723,725,7450502898904,7450492908120,9990.78
3,0,1787614867004102767,1787614867004102767,1787614867004115434,1787614867057603907,53488.5,499.954,724,726,7451002848936,7450992887120,9961.82
4,0,1787614867004102767,1787614867504102767,1787614867504160917,1787614867557833999,53673.1,500.045,725,727,7451502948120,7451492924576,10023.5
5,0,1787614868004103752,1787614868004103752,1787614868004117400,1787614868057589095,53471.7,499.956,726,728,7452002839040,7451992829120,10009.9
6,0,1787614868004103752,1787614868504103752,1787614868504165586,1787614868557728447,53562.9,500.048,727,729,7452502848064,7452492822120,10025.9
7,0,1787614869004105865,1787614869004105865,1787614869004120217,1787614869057709486,53589.3,499.955,728,730,7453002828016,7452992815632,10012.4
8,0,1787614869004105865,1787614869504105865,1787614869504164292,1787614869557609543,53445.3,500.044,729,731,7453502897120,7453492898096,9999.02
9,0,1787614870004105294,1787614870004105294,1787614870004118201,1787614870057217862,53099.7,499.954,730,732,7454002803096,7453992788120,10015
10,0,1787614870004105294,1787614870504105294,1787614870504163369,1787614870557324974,53161.6,500.045,731,733,7454502871936,7454492884120,9987.82
11,0,1787614871004107223,1787614871004107223,1787614871004122852,1787614871057272160,53149.3,499.959,732,734,7455002836232,7454992863120,9973.11
12,0,1787614871004107223,1787614871504107223,1787614871504166279,1787614871557646215,53479.9,500.043,733,735,7455502920064,7455492975120,9944.94
13,0,1787614872004107263,1787614872004107263,1787614872005759920,1787614872059176782,53416.9,501.594,734,736,7456004438096,7455994476064,9962.03
14,0,1787614872004107263,1787614872504107263,1787614872504165597,1787614872557418182,53252.6,498.406,735,737,7456502864528,7456492843152,10021.4
15,0,1787614873004107765,1787614873004107765,1787614873004121117,1787614873057251388,53130.3,499.956,736,738,7457002786096,7456992821608,9964.49
16,0,1787614873004107765,1787614873504107765,1787614873504169081,1787614873557538092,53369,500.048,737,739,7457502883960,7457492859288,10024.7
17,0,1787614874004106879,1787614874004106879,1787614874004119342,1787614874056545025,52425.7,499.95,738,740,7458002774960,7457992808528,9966.43
18,0,1787614874004106879,1787614874504106879,1787614874504164880,1787614874556839524,52674.6,500.046,739,741,7458502873064,7458492919824,9953.24
19,0,1787614875004108993,1787614875004108993,1787614875004121567,1787614875056638712,52517.1,499.957,740,742,7459002808552,7458992795120,10013.4
20,0,1787614875004108993,1787614875504108993,1787614875504166901,1787614875556644750,52477.8,500.045,741,743,7459502818344,7459492818096,10000.2
21,0,1787614876004110477,1787614876004110477,1787614876004124051,1787614876056542660,52418.6,499.957,742,744,7460002753552,7459992796280,9957.27
22,0,1787614876004110477,1787614876504110477,1787614876504169015,1787614876556770419,52601.4,500.045,743,745,7460502823016,7460492864040,9958.98
23,0,1787614877004108739,1787614877004108739,1787614877004120461,1787614877056631440,52511,499.951,744,746,7461002728880,7460992739016,9989.86
24,0,1787614877004108739,1787614877504108739,1787614877504166277,1787614877556651312,52485,500.046,745,747,7461502812064,7461492820984,9991.08
25,0,1787614878004111427,1787614878004111427,1787614878004124409,1787614878056528684,52404.3,499.958,746,748,7462002791848,7461992799608,9992.24
26,0,1787614878004111427,1787614878504111427,1787614878504171039,1787614878556609981,52438.9,500.047,747,749,7462502831096,7462492808040,10023.1
27,0,1787614879004109689,1787614879004109689,1787614879004123171,1787614879056474594,52351.4,499.952,748,750,7463002737064,7462992786688,9950.38
28,0,1787614879004109689,1787614879504109689,1787614879504168227,1787614879556762409,52594.2,500.045,749,751,7463502746096,7463492735064,10011
29,0,1787614880004111155,1787614880004111155,1787614880004124285,1787614880056646356,52522.1,499.956,750,752,7464002784960,7463992802800,9982.16
30,0,1787614880004111155,1787614880504111155,1787614880504171249,1787614880556649357,52478.1,500.047,751,753,7464502824576,7464492811040,10013.5
31,0,1787614881004110862,1787614881004110862,1787614881004126750,1787614881056533544,52406.8,499.956,752,754,7465002745096,7464992745096,10000
32,0,1787614881004110862,1787614881504110862,1787614881504168881,1787614881556702026,52533.1,500.042,753,755,7465502799120,7465492826880,9972.24
33,0,1787614882004113290,1787614882004113290,1787614882004126401,1787614882056594880,52468.5,499.958,754,756,7466002705040,7465992746448,9958.59
34,0,1787614882004113290,1787614882504113290,1787614882504174754,1787614882556722770,52548,500.048,755,757,7466502729712,7466492769152,9960.56
35,0,1787614883004113201,1787614883004113201,1787614883004126052,1787614883056555568,52429.5,499.951,756,758,7467002665152,7466992659120,10006
36,0,1787614883004113201,1787614883504113201,1787614883504174109,1787614883556742087,52568,500.048,757,759,7467502733960,7467492785120,9948.84
37,0,1787614884004112481,1787614884004112481,1787614884004125037,1787614884056669682,52544.6,499.951,758,760,7468002742904,7467992749824,9993.08
38,0,1787614884004112481,1787614884504112481,1787614884504174316,1787614884556774849,52600.5,500.049,759,761,7468502767120,7468492772096,9995.02
39,0,1787614885004114465,1787614885004114465,1787614885004126669,1787614885056678814,52552.1,499.952,760,762,7469002718040,7468992705960,10012.1
40,0,1787614885004114465,1787614885504114465,1787614885504172726,1787614885556704130,52531.4,500.046,761,763,7469502770936,7469492759152,10011.8
41,0,1787614886004114394,1787614886004114394,1787614886004131135,1787614886056553503,52422.4,499.958,762,764,7470002692120,7469992663880,10028.2
42,0,1787614886004114394,1787614886504114394,1787614886504171988,1787614886556604004,52432,500.041,763,765,7470502761096,7470492805016,9956.08
43,0,1787614887004114730,1787614887004114730,1787614887004127471,1787614887056555469,52428,499.955,764,766,7471002681120,7470992665128,10016
44,0,1787614887004114730,1787614887504114730,1787614887504172713,1787614887556726043,52553.3,500.045,765,767,7471502764904,7471492806120,9958.78
45,0,1787614888004116215,1787614888004116215,1787614888004129030,1787614888056582731,52453.7,499.956,766,768,7472002656096,7471992652064,10004
46,0,1787614888004116215,1787614888504116215,1787614888504175012,1787614888556613195,52438.2,500.046,767,769,7472502724720,7472492689096,10035.6
47,0,1787614889004116014,1787614889004116014,1787614889004129662,1787614889056579733,52450.1,499.955,768,770,7473002690096,7472992683096,10007
48,0,1787614889004116014,1787614889504116014,1787614889504174441,1787614889556590938,52416.5,500.045,769,771,7473502684096,7473492661120,10023
49,0,1787614890004116128,1787614890004116128,1787614890004127998,1787614890056595144,52467.1,499.954,770,772,7474002679064,7473992683984,9995.08
50,0,1787614890004116128,1787614890504116128,1787614890504173907,1787614890556772070,52598.2,500.046,771,773,7474502718120,7474492737096,9981.02
51,0,1787614891004117594,1787614891004117594,1787614891004131168,1787614891056720053,52588.9,499.957,772,774,7475002668312,7474992700064,9968.25
52,0,1787614891004117594,1787614891504117594,1787614891504175225,1787614891556555370,52380.1,500.044,773,775,7475502619152,7475492634608,9984.54
53,0,1787614892004117930,1787614892004117930,1787614892004131393,1787614892056698334,52566.9,499.956,774,776,7476002642960,7475992628120,10014.8
54,0,1787614892004117930,1787614892504117930,1787614892504175339,1787614892556749946,52574.6,500.044,775,777,7476502637960,7476492666096,9971.86
55,0,1787614893004119433,1787614893004119433,1787614893004132118,1787614893056720485,52588.4,499.957,776,778,7477002573120,7476992584656,9988.46
56,0,1787614893004119433,1787614893504119433,1787614893504178138,1787614893556772356,52594.2,500.046,777,779,7477502701392,7477492726120,9975.27
57,0,1787614894004118269,1787614894004118269,1787614894004130862,1787614894056548063,52417.2,499.953,778,780,7478002621904,7477992645720,9976.18
58,0,1787614894004118269,1787614894504118269,1787614894504177178,1787614894556609342,52432.2,500.046,779,781,7478502661152,7478492609096,10052.1
59,0,1787614895004119735,1787614895004119735,1787614895004132587,1787614895056544751,52412.2,499.955,780,782,7479002611040,7478992603152,10007.9
60,0,1787614895004119735,1787614895504119735,1787614895504177903,1787614895556721011,52543.1,500.045,781,783,7479502650504,7479492626152,10024.4
61,0,1787614896004121182,1787614896004121182,1787614896004136423,1787614896056615494,52479.1,499.959,782,784,7480002615096,7479992604120,10011
62,0,1787614896004121182,1787614896504121182,1787614896504179332,1787614896556573403,52394.1,500.043,783,785,7480502610016,7480492612064,9997.95
63,0,1787614897004120074,1787614897004120074,1787614897004132463,1787614897056455035,52322.6,499.953,784,786,7481002545496,7480992531528,10014
64,0,1787614897004120074,1787614897504120074,1787614897504178409,1787614897556582554,52404.1,500.046,785,787,7481502570176,7481492614336,9955.84
65,0,1787614898004121836,1787614898004121836,1787614898004134558,1787614898056617481,52482.9,499.956,786,788,7482002594120,7481992562936,10031.2
66,0,1787614898004121836,1787614898504121836,1787614898504179615,1787614898556636890,52457.3,500.045,787,789,7482502589176,7482492629904,9959.27
67,0,1787614899004120950,1787614899004120950,1787614899004133617,1787614899056598892,52465.3,499.954,788,790,7483002538960,7482992564120,9974.84
68,0,1787614899004120950,1787614899504120950,1787614899504180785,1787614899556751041,52570.3,500.047,789,791,7483502637120,7483492646936,9990.18
69,0,1787614900004122490,1787614900004122490,1787614900004135657,1787614900056694987,52559.3,499.955,790,792,7484002603064,7483992580552,10022.5
70,0,1787614900004122490,1787614900504122490,1787614900504180362,1787614900556799395,52619,500.045,791,793,7484502582040,7484492618064,9963.98
71,0,1787614901004122715,1787614901004122715,1787614901004135549,1787614901056691805,52556.3,499.955,792,794,7485002562064,7484992567064,9995
72,0,1787614901004122715,1787614901504122715,1787614901504185161,1787614901556606047,52420.9,500.05,793,795,7485502542064,7485492545720,9996.34
73,0,1787614902004124570,1787614902004124570,1787614902004137478,1787614902056538697,52401.2,499.952,794,796,7486002566152,7485992568528,9997.62
74,0,1787614902004124570,1787614902504124570,1787614902504182942,1787614902556526699,52343.8,500.045,795,797,7486502546040,7486492533120,10012.9
75,0,1787614903004124907,1787614903004124907,1787614903004137555,1787614903056488460,52350.9,499.955,796,798,7487002482096,7486992422064,10060
76,0,1787614903004124907,1787614903504124907,1787614903504183204,1787614903556738497,52555.3,500.046,797,799,7487502594800,7487492638064,9956.74
77,0,1787614904004124502,1787614904004124502,1787614904004137835,1787614904056552185,52414.3,499.955,798,800,7488002471120,7487992468576,10002.5
78,0,1787614904004124502,1787614904504124502,1787614904504182503,1787614904556637426,52454.9,500.045,799,801,7488502598936,7488492536040,10062.9
79,0,1787614905004125838,1787614905004125838,1787614905004138338,1787614905056515003,52376.7,499.956,800,802,7489002535120,7488992573120,9962
80,0,1787614905004125838,1787614905504125838,1787614905504184358,1787614905556603430,52419.1,500.046,801,803,7489502514152,7489492492608,10021.5
81,0,1787614906004127101,1787614906004127101,1787614906004139804,1787614906056614153,52474.3,499.955,802,804,7490002524096,7489992560368,9963.73
82,0,1787614906004127101,1787614906504127101,1787614906504186213,1787614906557019190,52833,500.046,803,805,7490502548448,7490492553120,9995.33
83,0,1787614907004125622,1787614907004125622,1787614907004138752,1787614907056628027,52489.3,499.953,804,806,7491002468936,7490992487152,9981.78
84,0,1787614907004125622,1787614907504125622,1787614907504183512,1787614907556643565,52460.1,500.045,805,807,7491502523120,7491492481040,10042.1
85,0,1787614908004127996,1787614908004127996,1787614908004141255,1787614908056572400,52431.1,499.958,806,808,7492002473096,7491992444848,10028.2
86,0,1787614908004127996,1787614908504127996,1787614908504186386,1787614908556775160,52588.8,500.045,807,809,7492502542040,7492492571552,9970.49
87,0,1787614909004126980,1787614909004126980,1787614909004140332,1787614909056801995,52661.7,499.954,808,810,7493002506552,7492992535120,9971.43
88,0,1787614909004126980,1787614909504126980,1787614909504185018,1787614909556602664,52417.6,500.045,809,811,7493502487152,7493492454152,10033
89,0,1787614910004127576,1787614910004127576,1787614910004141742,1787614910056511296,52369.6,499.957,810,812,7494002452120,7493992433120,10019
90,0,1787614910004127576,1787614910504127576,1787614910504184873,1787614910556536964,52352.1,500.043,811,813,7494502461120,7494492397120,10064
91,0,1787614911004127764,1787614911004127764,1787614911004140430,1787614911056539539,52399.1,499.956,812,814,7495002441120,7494992419608,10021.5
92,0,1787614911004127764,1787614911504127764,1787614911504186395,1787614911556730910,52544.5,500.046,813,815,7495502525120,7495492472120,10053
93,0,1787614912004129804,1787614912004129804,1787614912004141674,1787614912056562616,52420.9,499.955,814,816,7496002431120,7495992406528,10024.6
94,0,1787614912004129804,1787614912504129804,1787614912504187990,1787614912556614210,52426.2,500.046,815,817,7496502470064,7496492474040,9996.02
95,0,1787614913004129899,1787614913004129899,1787614913004142807,1787614913056552471,52409.7,499.955,816,818,7497002479152,7496992496984,9982.17
96,0,1787614913004129899,1787614913504129899,1787614913504188327,1787614913556651324,52463,500.046,817,819,7497502473984,7497492505040,9968.94
97,0,1787614914004129347,1787614914004129347,1787614914004143032,1787614914056635251,52492.2,499.955,818,820,7498002469096,7497992453552,10015.5
98,0,1787614914004129347,1787614914504129347,1787614914504187385,1787614914556677067,52489.7,500.044,819,821,7498502463120,7498492403064,10060.1
99,0,1787614915004132146,1787614915004132146,1787614915004145239,1787614915056665458,52520.2,499.958,820,822,7499002443064,7498992411120,10031.9
100,0,1787614915004132146,1787614915504132146,1787614915504189629,1787614915556712607,52523,500.044,821,823,7499502497120,7499492493120,10004
101,0,1787614916004131427,1787614916004131427,1787614916004144983,1787614916056578517,52433.5,499.955,822,824,7500002374096,7499992309040,10065.1
102,0,1787614916004131427,1787614916504131427,1787614916504189817,1787614916556702870,52513.1,500.045,823,825,7500502413096,7500492375824,10037.3
103,0,1787614917004130930,1787614917004130930,1787614917004143689,1787614917056595390,52451.7,499.954,824,826,7501002348096,7500992354096,9994
104,0,1787614917004130930,1787614917504130930,1787614917504189172,1787614917556571262,52382.1,500.045,825,827,7501502387120,7501492363016,10024.1
105,0,1787614918004133322,1787614918004133322,1787614918004146118,1787614918056480524,52334.4,499.957,826,828,7502002352096,7501992311824,10040.3
106,0,1787614918004133322,1787614918504133322,1787614918504191564,1787614918556652895,52461.3,500.045,827,829,7502502465608,7502492453312,10012.3
107,0,1787614919004131992,1787614919004131992,1787614919004145807,1787614919056494841,52349,499.954,828,830,7503002357016,7502992387552,9969.46
108,0,1787614919004131992,1787614919504131992,1787614919504190234,1787614919556746101,52555.9,500.044,829,831,7503502455016,7503492424984,10030
109,0,1787614920004133310,1787614920004133310,1787614920004146365,1787614920056638844,52492.5,499.956,830,832,7504002375848,7503992329176,10046.7
110,0,1787614920004133310,1787614920504133310,1787614920504191922,1787614920556696067,52504.1,500.046,831,833,7504502444096,7504492381960,10062.1
111,0,1787614921004133702,1787614921004133702,1787614921004147072,1787614921056488255,52341.2,499.955,832,834,7505002320960,7504992257040,10063.9
112,0,1787614921004133702,1787614921504133702,1787614921504192277,1787614921556841458,52649.2,500.045,833,835,7505502389096,7505492398120,9990.98
113,0,1787614922004134686,1787614922004134686,1787614922004149871,1787614922056734238,52584.4,499.958,834,836,7506002369096,7505992377120,9991.98
114,0,1787614922004134686,1787614922504134686,1787614922504191891,1787614922556727869,52536,500.042,835,837,7506502349424,7506492369960,9979.46
115,0,1787614923004134745,1787614923004134745,1787614923004150837,1787614923056695538,52544.7,499.959,836,838,7507002373064,7506992349152,10023.9
116,0,1787614923004134745,1787614923504134745,1787614923504192950,1787614923556719558,52526.6,500.042,837,839,7507502397120,7507492400880,9996.24
117,0,1787614924004135063,1787614924004135063,1787614924004151526,1787614924056633819,52482.3,499.959,838,840,7508002347688,7507992305576,10042.1
118,0,1787614924004135063,1787614924504135063,1787614924504192583,1787614924556636209,52443.6,500.041,839,841,7508502328152,7508492284120,10044
119,0,1787614925004135547,1787614925004135547,1787614925004150769,1787614925056673711,52522.9,499.958,840,842,7509002351936,7508992381040,9970.9
120,0,1787614925004135547,1787614925504135547,1787614925504193993,1787614925556644527,52450.5,500.043,841,843,7509502317152,7509492330064,9987.09
121,0,1787614926004137106,1787614926004137106,1787614926004150050,1787614926056532122,52382.1,499.956,842,844,7510002296936,7509992279120,10017.8
122,0,1787614926004137106,1787614926504137106,1787614926504195515,1787614926556622290,52426.8,500.045,843,845,7510502351064,7510492361608,9989.46
123,0,1787614927004138072,1787614927004138072,1787614927004152516,1787614927056640180,52487.7,499.957,844,846,7511002375496,7510992413280,9962.22
124,0,1787614927004138072,1787614927504138072,1787614927504195314,1787614927556593941,52398.6,500.043,845,847,7511502296152,7511492259064,10037.1
125,0,1787614928004138094,1787614928004138094,1787614928004150353,1787614928056644646,52494.3,499.955,846,848,7512002320152,7511992267152,10053
126,0,1787614928004138094,1787614928504138094,1787614928504195891,1787614928556636129,52440.2,500.046,847,849,7512502330096,7512492335096,9995
127,0,1787614929004138097,1787614929004138097,1787614929004150671,1787614929056510483,52359.8,499.955,848,850,7513002265040,7512992253904,10011.1
128,0,1787614929004138097,1787614929504138097,1787614929504195561,1787614929556602281,52406.7,500.045,849,851,7513502289632,7513492276904,10012.7
129,0,1787614930004138211,1787614930004138211,1787614930004150693,1787614930056609634,52458.9,499.955,850,852,7514002284120,7513992255120,10029
130,0,1787614930004138211,1787614930504138211,1787614930504195749,1787614930556678728,52483,500.045,851,853,7514502294016,7514492249120,10044.9
131,0,1787614931004138270,1787614931004138270,1787614931004151381,1787614931056703303,52551.9,499.956,852,854,7515002288152,7514992227880,10060.3
132,0,1787614931004138270,1787614931504138270,1787614931504196234,1787614931556596120,52399.9,500.045,853,855,7515502253176,7515492235120,10018.1
133,0,1787614932004140254,1787614932004140254,1787614932004151977,1787614932056584363,52432.4,499.956,854,856,7516002233120,7515992199800,10033.3
134,0,1787614932004140254,1787614932504140254,1787614932504198830,1787614932556671419,52472.6,500.047,855,857,7516502243120,7516492237120,10006
135,0,1787614933004139961,1787614933004139961,1787614933004151609,1787614933056561422,52409.8,499.953,856,858,7517002208120,7516992216096,9992.02
136,0,1787614933004139961,1787614933504139961,1787614933504198425,1787614933556794403,52596,500.047,857,859,7517502321120,7517492342120,9979
137,0,1787614934004140279,1787614934004140279,1787614934004152983,1787614934056526407,52373.4,499.955,858,860,7518002242176,7517992172360,10069.8
138,0,1787614934004140279,1787614934504140279,1787614934504198799,1787614934556618815,52420,500.046,859,861,7518502325040,7518492254880,10070.2
139,0,1787614935004142394,1787614935004142394,1787614935004154930,1787614935056509484,52354.6,499.956,860,862,7519002187096,7518992204040,9983.06
140,0,1787614935004142394,1787614935504142394,1787614935504200784,1787614935556746743,52546,500.046,861,863,7519502314576,7519492286176,10028.4
141,0,1787614936004143026,1787614936004143026,1787614936004156341,1787614936056599172,52442.8,499.956,862,864,7520002176120,7519992176152,9999.97
142,0,1787614936004143026,1787614936504143026,1787614936504200583,1787614936556662562,52462,500.044,863,865,7520502289120,7520492302632,9986.49
143,0,1787614937004142104,1787614937004142104,1787614937004154307,1787614937056472713,52318.4,499.954,864,866,7521002151064,7520992133176,10017.9
144,0,1787614937004142104,1787614937504142104,1787614937504200216,1787614937556628232,52428,500.046,865,867,7521502218984,7521492243984,9975
145,0,1787614938004143366,1787614938004143366,1787614938004156662,1787614938056612622,52456,499.956,866,868,7522002184120,7521992149096,10035
146,0,1787614938004143366,1787614938504143366,1787614938504201293,1787614938556649753,52448.5,500.045,867,869,7522502194096,7522492157096,10037
147,0,1787614939004143314,1787614939004143314,1787614939004155739,1787614939056612959,52457.2,499.954,868,870,7523002189064,7522992180096,10009
148,0,1787614939004143314,1787614939504143314,1787614939504201982,1787614939556736441,52534.5,500.046,869,871,7523502257176,7523492188096,10069.1
149,0,1787614940004143261,1787614940004143261,1787614940004156058,1787614940056596296,52440.2,499.954,870,872,7524002163064,7523992122040,10041
150,0,1787614940004143261,1787614940504143261,1787614940504201133,1787614940556751037,52549.9,500.045,871,873,7524502246256,7524492264064,9982.19
151,0,1787614941004146042,1787614941004146042,1787614941004159746,1787614941056827668,52667.9,499.959,872,874,7525002227064,7524992198016,10029
152,0,1787614941004146042,1787614941504146042,1787614941504203784,1787614941556642393,52438.6,500.044,873,875,7525502177016,7525492162040,10015
153,0,1787614942004146286,1787614942004146286,1787614942004158490,1787614942056558876,52400.4,499.955,874,876,7526002186120,7525992154960,10031.2
154,0,1787614942004146286,1787614942504146286,1787614942504204658,1787614942556560896,52356.2,500.046,875,877,7526502181120,7526492104120,10077
155,0,1787614943004146901,1787614943004146901,1787614943004160049,1787614943056656416,52496.4,499.955,876,878,7527002219984,7526992186096,10033.9
156,0,1787614943004146901,1787614943504146901,1787614943504204939,1787614943556665492,52460.6,500.045,877,879,7527502184880,7527492165016,10019.9
157,0,1787614944004146070,1787614944004146070,1787614944004158793,1787614944056624345,52465.6,499.954,878,880,7528002165064,7527992128688,10036.4
158,0,1787614944004146070,1787614944504146070,1787614944504203738,1787614944556619754,52416,500.045,879,881,7528502160064,7528492076984,10083.1
159,0,1787614945004147444,1787614945004147444,1787614945004160388,1787614945056567997,52407.6,499.957,880,882,7529002168936,7528992173984,9994.95
160,0,1787614945004147444,1787614945504147444,1787614945504205038,1787614945556645461,52440.4,500.045,881,883,7529502134064,7529492137984,9996.08
161,0,1787614946004147466,1787614946004147466,1787614946004160725,1787614946056726462,52565.7,499.956,882,884,7530002173120,7529992161016,10012.1
162,0,1787614946004147466,1787614946504147466,1787614946504205152,1787614946556669001,52463.8,500.044,883,885,7530502123608,7530492066016,10057.6
163,0,1787614947004147191,1787614947004147191,1787614947004160062,1787614947056675725,52515.7,499.955,884,886,7531002133120,7530992133040,10000.1
164,0,1787614947004147191,1787614947504147191,1787614947504205581,1787614947556741486,52535.9,500.046,885,887,7531502172848,7531492111040,10061.8
165,0,1787614948004149102,1787614948004149102,1787614948004162028,1787614948056572822,52410.8,499.956,886,888,7532002063096,7531992001448,10061.6
166,0,1787614948004149102,1787614948504149102,1787614948504208696,1787614948556970876,52762.2,500.047,887,889,7532502191016,7532492187152,10003.9
167,0,1787614949004148272,1787614949004148272,1787614949004161587,1787614949056790120,52628.5,499.953,888,890,7533002067936,7532992047120,10020.8
168,0,1787614949004148272,1787614949504148272,1787614949504205755,1787614949556649326,52443.6,500.044,889,891,7533502106608,7533492070232,10036.4
169,0,1787614950004149442,1787614950004149442,1787614950004162386,1787614950056588402,52426,499.957,890,892,7534002130936,7533992078152,10052.8
170,0,1787614950004149442,1787614950504149442,1787614950504207387,1787614950556553608,52346.2,500.045,891,893,7534502081608,7534492041880,10039.7
171,0,1787614951004151723,1787614951004151723,1787614951004164778,1787614951056557054,52392.3,499.957,892,894,7535002046040,7534991991040,10055
172,0,1787614951004151723,1787614951504151723,1787614951504209780,1787614951556704925,52495.1,500.045,893,895,7535502159984,7535492147120,10012.9
173,0,1787614952004151522,1787614952004151522,1787614952004164337,1787614952056630816,52466.5,499.955,894,896,7536002065096,7535992007064,10058
174,0,1787614952004151522,1787614952504151522,1787614952504209042,1787614952556610188,52401.1,500.045,895,897,7536502104096,7536492104120,9999.98
175,0,1787614953004151229,1787614953004151229,1787614953004163914,1787614953056506431,52342.5,499.955,896,898,7537002025064,7536992023744,10001.3
176,0,1787614953004151229,1787614953504151229,1787614953504211471,1787614953556736968,52525.5,500.048,897,899,7537502079096,7537492061120,10018
177,0,1787614954004152640,1787614954004152640,1787614954004166269,1787614954056711544,52545.3,499.955,898,900,7538002089040,7537992084040,10005
178,0,1787614954004152640,1787614954504152640,1787614954504211456,1787614954556814693,52603.2,500.045,899,901,7538502054152,7538492018576,10035.6
179,0,1787614955004153384,1787614955004153384,1787614955004165643,1787614955056664881,52499.2,499.954,900,902,7539002048120,7538991967096,10081
180,0,1787614955004153384,1787614955504153384,1787614955504211645,1787614955556693179,52481.5,500.046,901,903,7539502028096,7539491975880,10052.2
181,0,1787614956004152832,1787614956004152832,1787614956004165887,1787614956056619181,52453.3,499.954,902,904,7540001993064,7539991924040,10069
182,0,1787614956004152832,1787614956504152832,1787614956504211296,1787614956556900329,52689,500.045,903,905,7540502091576,7540492051064,10040.5
183,0,1787614957004152891,1787614957004152891,1787614957004164965,1787614957056631147,52466.2,499.954,904,906,7541001968120,7540991896824,10071.3
184,0,1787614957004152891,1787614957504152891,1787614957504210744,1787614957556691093,52480.3,500.046,905,907,7541502080904,7541491964120,10116.8
185,0,1787614958004153579,1787614958004153579,1787614958004167394,1787614958056543466,52376.1,499.957,906,908,7542002031096,7541991956984,10074.1
186,0,1787614958004153579,1787614958504153579,1787614958504211691,1787614958556593597,52381.9,500.044,907,909,7542502040880,7542491994640,10046.2
187,0,1787614959004153971,1787614959004153971,1787614959004166582,1787614959056512914,52346.3,499.955,908,910,7543001961960,7542991973040,9988.92
188,0,1787614959004153971,1787614959504153971,1787614959504211769,1787614959556709118,52497.3,500.045,909,911,7543502075120,7543492011064,10064.1
189,0,1787614960004154826,1787614960004154826,1787614960004167437,1787614960056606953,52439.5,499.956,910,912,7544001966016,7543991885880,10080.1
190,0,1787614960004154826,1787614960504154826,1787614960504213272,1787614960556673362,52460.1,500.046,911,913,7544502049040,7544492057040,9992
191,0,1787614961004156441,1787614961004156441,1787614961004169330,1787614961056567216,52397.9,499.956,912,914,7545002014040,7544991991152,10022.9
192,0,1787614961004156441,1787614961504156441,1787614961504214516,1787614961556629792,52415.3,500.045,913,915,7545501979064,7545491896096,10083
193,0,1787614962004157500,1787614962004157500,1787614962004170981,1787614962056605793,52434.8,499.956,914,916,7546001930120,7545991933120,9997
194,0,1787614962004157500,1787614962504157500,1787614962504215575,1787614962556740591,52525,500.045,915,917,7546502057096,7546492015064,10042
195,0,1787614963004156670,1787614963004156670,1787614963004168688,1787614963056597741,52429.1,499.953,916,918,7547001933608,7546991905584,10028
196,0,1787614963004156670,1787614963504156670,1787614963504215208,1787614963556761834,52546.6,500.047,917,919,7547502047064,7547492046120,10000.9
197,0,1787614964004156395,1787614964004156395,1787614964004168803,1787614964056643689,52474.9,499.954,918,920,7548001968120,7547991966096,10002
198,0,1787614964004156395,1787614964504156395,1787614964504214119,1787614964556675116,52461,500.045,919,921,7548501962472,7548491930064,10032.4
199,0,1787614965004158973,1787614965004158973,1787614965004172602,1787614965056821080,52648.5,499.958,920,922,7549001986936,7548991893096,10093.8
200,0,1787614965004158973,1787614965504158973,1787614965504217122,1787614965556665545,52448.4,500.045,921,923,7549501967064,7549491916040,10051
201,0,1787614966004158680,1787614966004158680,1787614966004171106,1787614966056522807,52351.7,499.954,922,924,7550001902096,7549991880064,10022
202,0,1787614966004158680,1787614966504158680,1787614966504216514,1787614966556569068,52352.6,500.045,923,925,7550501941064,7550491858664,10082.4
203,0,1787614967004157905,1787614967004157905,1787614967004170757,1787614967056539292,52368.5,499.954,924,926,7551001921120,7550991926120,9995
204,0,1787614967004157905,1787614967504157905,1787614967504215203,1787614967556708682,52493.5,500.044,925,927,7551501989984,7551491949064,10040.9
205,0,1787614968004160483,1787614968004160483,1787614968004173112,1787614968056616313,52443.2,499.958,926,928,7552001910632,7551991898232,10012.4
206,0,1787614968004160483,1787614968504160483,1787614968504219447,1787614968556646852,52427.4,500.046,927,929,7552501949096,7552491862120,10087
207,0,1787614969004160282,1787614969004160282,1787614969004172727,1787614969056567317,52394.6,499.953,928,930,7553001958576,7552991914120,10044.5
208,0,1787614969004160282,1787614969504160282,1787614969504218784,1787614969556728003,52509.2,500.046,929,931,7553501997744,7553491996096,10001.6
209,0,1787614970004161193,1787614970004161193,1787614970004175397,1787614970056765301,52589.9,499.957,930,932,7554001963016,7553991944880,10018.1
210,0,1787614970004161193,1787614970504161193,1787614970504219769,1787614970556723192,52503.4,500.044,931,933,7554501958064,7554491879096,10079
211,0,1787614971004161530,1787614971004161530,1787614971004173900,1787614971056604324,52430.4,499.954,932,934,7555001849064,7554991842904,10006.2
212,0,1787614971004161530,1787614971504161530,1787614971504220087,1787614971556768084,52548,500.046,933,935,7555501962016,7555491924936,10037.1
213,0,1787614972004161496,1787614972004161496,1787614972004174015,1787614972056654234,52480.2,499.954,934,936,7556001898040,7555991815120,10082.9
214,0,1787614972004161496,1787614972504161496,1787614972504219127,1787614972556643106,52424,500.045,935,937,7556501907120,7556491852632,10054.5
215,0,1787614973004161907,1787614973004161907,1787614973004174240,1787614973056773755,52599.5,499.955,936,938,7557001916120,7556991846656,10069.5
216,0,1787614973004161907,1787614973504161907,1787614973504219779,1787614973556679480,52459.7,500.046,937,939,7557501911016,7557491825040,10086
217,0,1787614974004162410,1787614974004162410,1787614974004174651,1787614974056562630,52388,499.955,938,940,7558001875984,7557991817936,10058
218,0,1787614974004162410,1787614974504162410,1787614974504220375,1787614974556617946,52397.6,500.046,939,941,7558501915064,7558491870120,10044.9
219,0,1787614975004164025,1787614975004164025,1787614975004176303,1787614975056576393,52400.1,499.956,940,942,7559001865960,7558991820040,10045.9
220,0,1787614975004164025,1787614975504164025,1787614975504224212,1787614975556754301,52530.1,500.048,941,943,7559501904552,7559491886768,10017.8
221,0,1787614976004164491,1787614976004164491,1787614976004177788,1787614976056671192,52493.4,499.954,942,944,7560001855608,7559991821096,10034.5
222,0,1787614976004164491,1787614976504164491,1787614976504222919,1787614976556602194,52379.3,500.045,943,945,7560501849984,7560491813960,10036
223,0,1787614977004163939,1787614977004163939,1787614977004176180,1787614977056591918,52415.7,499.953,944,946,7561001859096,7560991748152,10110.9
224,0,1787614977004163939,1787614977504163939,1787614977504222181,1787614977556712882,52490.7,500.046,945,947,7561501913064,7561491905064,10008
225,0,1787614978004165406,1787614978004165406,1787614978004177720,1787614978056579273,52401.6,499.956,946,948,7562001774472,7561991765040,10009.4
226,0,1787614978004165406,1787614978504165406,1787614978504223555,1787614978556713848,52490.3,500.046,947,949,7562501888040,7562491890936,9997.1
227,0,1787614979004165039,1787614979004165039,1787614979004177076,1787614979056726332,52549.3,499.954,948,950,7563001808904,7562991766120,10042.8
228,0,1787614979004165039,1787614979504165039,1787614979504222984,1787614979556663982,52441,500.046,949,951,7563501833256,7563491774984,10058.3
229,0,1787614980004166042,1787614980004166042,1787614980004178838,1787614980056594836,52416,499.956,950,952,7564001767936,7563991709120,10058.8
230,0,1787614980004166042,1787614980504166042,1787614980506604548,1787614980559242100,52637.6,502.426,951,953,7564504247152,7564494259904,9987.25
231,0,1787614981004167879,1787614981004167879,1787614981004181990,1787614981056727635,52545.6,497.577,952,954,7565001772720,7564991710504,10062.2
232,0,1787614981004167879,1787614981504167879,1787614981504226028,1787614981556650748,52424.7,500.044,953,955,7565501812096,7565491777360,10034.7
233,0,1787614982004168253,1787614982004168253,1787614982004181438,1787614982056516584,52335.1,499.955,954,956,7566001747096,7565991667120,10080
234,0,1787614982004168253,1787614982504168253,1787614982504227180,1787614982556611085,52383.9,500.046,955,957,7566501830096,7566491719984,10110.1
235,0,1787614983004168164,1787614983004168164,1787614983004181145,1787614983056514310,52333.2,499.954,956,958,7567001721904,7566991668904,10053
236,0,1787614983004168164,1787614983504168164,1787614983504228276,1787614983556732199,52503.9,500.047,957,959,7567501849504,7567491810120,10039.4
237,0,1787614984004168241,1787614984004168241,1787614984004180556,1787614984056633479,52452.9,499.952,958,960,7568001800064,7567991729152,10070.9
238,0,1787614984004168241,1787614984504168241,1787614984504230335,1787614984556623499,52393.2,500.05,959,961,7568501780096,7568491752744,10027.4
239,0,1787614985004169059,1787614985004169059,1787614985004180541,1787614985056536483,52355.9,499.95,960,962,7569001745064,7568991627288,10117.8
240,0,1787614985004169059,1787614985504169059,1787614985504226931,1787614985556674262,52447.3,500.046,961,963,7569501769040,7569491694936,10074.1
